latitude,longitude,speed,distance,movement_gap,area_risk,night_flag,stationary_flag,label,hour,is_night_time
18.545502,73.83287,-1.2532485567640232,-0.4692708716912318,1.6631974795380438,0,1,0,0,20,0
18.590519,73.898585,-1.5209223194218668,-1.0992302132980951,-1.130479308259909,1,0,1,1,11,0
18.561936,73.895796,-0.30934634107583814,-0.0494591581641526,0.18923303935016678,0,1,0,0,14,0
18.553538,73.860153,-1.6195389688221247,-1.1145101604847523,-0.9933663370796414,1,1,1,2,1,1
18.525551,73.801332,-1.2955128350784193,-0.5168514667281641,1.714614843730644,1,0,0,1,5,1
18.59768,73.865722,1.1980795854709647,-0.1396882133866278,-0.8562533658993737,1,0,0,1,15,0
18.507662,73.884587,-0.7179010314483362,-0.18185313093968158,0.6177110742885031,0,0,0,0,22,1
18.548284,73.851054,-0.19664159890411445,0.9273936679904263,1.6117801153454434,1,1,0,1,17,0
18.51603,73.816103,0.7190844312411395,0.3937560187754014,-0.15354938860050224,0,1,0,0,9,0
18.580456,73.810332,1.550281904757601,1.6402322168059298,0.3949024961205682,0,1,0,0,18,0
18.575674,73.810742,-0.7038129386768707,0.2519813189295829,1.6117801153454434,1,0,0,1,6,0
18.587033,73.892176,-1.1264557218208342,-0.2978066542105795,1.6631974795380438,0,1,0,0,21,0
18.513709,73.803094,-0.26708206276144175,-0.7245813816455026,-0.9933663370796414,0,0,0,0,9,0
18.532729,73.803697,-0.8446938663915251,-0.32536858426246107,0.5491545886983693,0,0,0,0,12,0
18.593743,73.822246,0.704996338469674,1.180383173308749,0.65198931708357,1,0,0,1,20,0
18.508756,73.803832,-0.9433105157917834,-0.5381273425576867,0.17209391795263335,0,0,0,0,15,0
18.553398,73.824706,1.5080176264432044,2.3673836275431124,0.9776326236367056,0,1,0,0,4,1
18.590729,73.848506,0.9867581938989829,0.07065283174615204,-0.599166544936372,0,0,0,0,0,1
18.504005,73.840425,0.6768201529267431,-0.33532956249173757,-0.8733924872969072,1,1,0,1,18,0
18.572267,73.84308,0.6345558746123467,0.5382385573631592,0.05212006816989917,1,0,0,1,16,0
18.588988,73.839506,1.7193390180151866,3.1684203525246364,1.3889715371775084,1,1,0,1,12,0
18.565717,73.843171,-1.0841914435064377,-0.6212966753458202,0.2577895249403006,1,0,0,1,18,0
18.584377,73.817532,1.1558153071565682,0.866757421876287,0.017841825374832268,0,1,0,0,14,0
18.597765,73.898003,0.1273845348395908,-0.06657656735426844,-0.2735232383832364,1,1,0,1,8,0
18.595448,73.896824,1.6066342758434629,1.109979366018329,-0.033575538817768084,0,0,0,0,13,0
18.578357,73.83737,1.5361938119861351,0.8136644408289786,-0.22210587419063607,0,0,0,0,17,0
18.582403,73.852599,-1.0419271651920414,-0.7753533580568632,-0.39349708816597057,0,0,0,0,6,0
18.56548,73.873045,-1.0841914435064377,-0.6120126568020287,0.2920677677353675,1,0,0,1,19,0
18.529424,73.850499,1.2826081420997575,-0.23600990577846623,-0.9590880942845745,1,0,0,1,22,1
18.513105,73.808809,1.3389605131856195,0.41928706977082864,-0.4449144523585709,0,0,0,0,1,1
18.551253,73.894492,0.2682654625542451,-0.3056400448569037,-0.6677230305265058,0,0,0,0,16,0
18.589469,73.801238,-1.6477151543650557,-1.141975382010136,-1.4218443720179776,0,1,1,0,9,0
18.573056,73.852279,-0.4784034543334235,0.25294840419456116,1.029049987829306,1,1,0,1,13,0
18.598287,73.826427,0.8177010806413977,1.4641259900533814,0.8233805310589045,1,0,0,1,17,0
18.590345,73.864122,-1.718155618222383,-1.138010332423725,-0.7020012733215727,0,1,1,0,23,1
18.561822,73.807192,0.550027317983554,-0.15593524583826326,-0.6334447877314389,1,1,0,1,8,0
18.529651,73.810128,0.21191309146838325,-0.1396882133866278,-0.4277753309610375,1,0,0,1,10,0
18.567731,73.813708,1.4516652553573424,2.8358397298986,1.3889715371775084,0,1,0,0,8,0
18.520045,73.810186,1.7616032963295827,2.689036186674894,1.0119108664317724,0,0,0,0,2,1
18.535948,73.802916,-1.3377771133928158,-1.0913001141252732,-1.3361487650303103,1,1,0,0,10,0
18.588575,73.86952,0.4936749468976925,0.7016759671444915,0.34348513192796787,0,1,0,0,13,0
18.582922,73.891481,-0.6474605675910089,0.2124275315919705,1.3546932943824415,0,1,0,0,9,0
18.51989,73.835302,0.21191309146838325,-1.08743177306536,-1.627513828788379,0,1,0,0,18,0
18.548317,73.842014,-0.3234344338473036,0.19627720766683307,0.6348501956860365,1,0,0,1,3,1
18.559214,73.837868,-0.9573986085632488,-0.6204262986073398,-0.05071466021530154,1,0,0,1,10,0
18.503874,73.88957,-0.2952582483043727,0.8262365492736963,1.6631974795380438,0,1,0,0,14,0
18.509201,73.830346,-1.5068342266504013,-0.8139400601294973,1.6460583581405102,0,1,1,0,0,1
18.560242,73.874017,1.2685200493282918,-0.17788808135327058,-0.9076707300919742,1,1,0,1,16,0
18.516322,73.837848,-1.0137509796491104,-0.9603567692472116,-1.0619228226697752,1,1,0,1,12,0
18.548791,73.834364,-0.4784034543334235,-0.882312988363463,-1.1818966724525093,1,0,0,1,10,0
18.54431,73.857234,-1.0419271651920414,-0.8838603247874283,-0.7705577589117065,1,1,0,1,20,0
18.515352,73.820378,1.2262557710138957,-0.9911100806735215,-1.5760964645957787,0,1,0,0,5,1
18.578583,73.826854,0.09920834929665989,0.019300604175804394,-0.1364102672029688,0,1,0,0,19,0
18.564993,73.882191,-1.3659532989357466,-0.6460540581292646,1.5089453869602425,1,0,0,1,22,1
18.589393,73.845926,-1.5350104121933321,-1.0421721826643757,-0.4620535737561044,1,1,1,2,0,1
18.55047,73.841946,1.550281904757601,-0.6324181558930707,-1.319009643632777,1,1,0,0,4,1
18.582983,73.849569,0.6204677818408812,1.9828705261877408,1.5775018725503764,0,0,0,0,17,0
18.511142,73.820171,-0.12620113504678745,-1.1439095525400926,-1.696070314378513,1,0,0,0,11,0
18.517431,73.885483,-0.40796299047609635,-0.5795185918987578,-0.6505839091289723,1,1,0,1,23,1
18.517096,73.838395,-1.4223056700216086,-1.0181884680929139,-0.7020012733215727,1,0,0,1,7,0
18.581764,73.830594,1.1276391216136372,-0.6793217912445181,-1.3018705222352436,1,1,0,0,15,0
18.503438,73.861013,1.1558153071565682,2.0278399910092317,1.0119108664317724,1,1,0,1,21,0
18.534856,73.84808,0.2400892770113142,1.4403356925349156,1.526084508357776,1,0,0,1,4,1
18.540456,73.898331,0.3527940191830379,1.4705087528022385,1.3889715371775084,0,0,0,0,0,1
18.549531,73.876609,0.04285597821079805,-0.37527018393534123,-0.6334447877314389,0,0,0,0,9,0
18.504698,73.844657,-1.4223056700216086,-1.01122545418507,-0.6505839091289723,0,1,0,0,0,1
18.532999,73.877327,0.6909082456982085,2.1093652788469024,1.6117801153454434,0,0,0,0,13,0
18.586481,73.879188,0.296441648097176,1.4993278936985919,1.5089453869602425,0,1,0,0,16,0
18.505284,73.815349,-0.5629320109622162,-0.7441165039980641,-0.8562533658993737,0,1,0,0,1,1
18.542186,73.883244,-0.9292224230203179,-0.7328983149243159,-0.4449144523585709,1,1,0,1,10,0
18.551373,73.863025,-0.2529939699899763,0.4177397333468631,0.8919370166490384,0,0,0,0,18,0
18.527704,73.874401,0.8177010806413977,-0.44722132764972655,-1.0276445798747083,0,0,0,0,1,1
18.537554,73.832267,0.6204677818408812,1.8521205983626747,1.4403889013701088,1,1,0,1,21,0
18.549123,73.840487,1.169903399928034,-0.2700513071057024,-0.9590880942845745,0,1,0,0,0,1
18.526892,73.834772,-1.4223056700216086,-0.7860880044981223,1.0119108664317724,0,1,0,0,6,0
18.500209,73.838989,1.2685200493282918,-0.6353194116880055,-1.28473140083771,1,1,0,0,14,0
18.564325,73.843516,0.014679792667867132,0.19743770998480706,0.18923303935016678,1,1,0,1,5,1
18.559223,73.858701,1.4798414409002734,0.4686084182847218,-0.4620535737561044,1,1,0,1,19,0
18.558289,73.818179,1.4516652553573424,-0.736186404825242,-1.387566129222911,1,0,0,0,18,0
18.513502,73.855235,-1.3096009278498848,-0.8054297097976882,0.2235112821452337,0,1,0,0,8,0
18.598309,73.804019,0.704996338469674,0.6895874013322628,0.1549547965550999,0,0,0,0,21,0
18.523093,73.881602,0.6627320601552776,1.955405304662357,1.4918062655627091,0,1,0,0,3,1
18.528016,73.881642,0.7754368023270013,1.1948894522834237,0.6005719528909697,0,0,0,0,3,1
18.534894,73.852072,-0.5065796398763545,0.5576769711892231,1.6974757223331105,1,1,0,1,1,1
18.564971,73.89373,0.4514106685832961,-1.0943947869732036,-1.6446529501859126,0,0,0,0,22,1
18.589522,73.884018,-1.4645699483360048,-1.0820160955814815,-1.0962010654648422,1,1,0,1,17,0
18.558794,73.878748,0.38097020472596876,-0.846434125032768,-1.353287886427844,1,1,0,0,19,0
18.590315,73.850241,-1.1968961856781613,-0.9965257581574,-1.0105054584771749,1,0,0,1,20,0
18.582107,73.858282,-0.3797868049331654,-1.1172179992266915,-1.6446529501859126,0,0,0,0,8,0
18.51515,73.889593,-0.9855747941061795,-0.1551615776262805,1.5089453869602425,0,0,0,0,2,1
18.508861,73.812912,0.8177010806413977,0.225289765616182,-0.37635796676843714,0,1,0,0,17,0
18.530016,73.804388,1.141727214385103,-0.39809339618882905,-1.0619228226697752,0,1,0,0,17,0
18.585772,73.841768,1.550281904757601,0.7311720677263298,-0.2906623597807699,0,0,0,0,20,0
18.572047,73.826835,-1.2250723712210922,-0.7472111768459947,0.18923303935016678,0,1,0,0,9,0
18.524282,73.821603,-0.8306057736200597,0.11504204540865597,1.6974757223331105,0,1,0,0,21,0
18.500377,73.804505,-1.182808092906696,-1.1115121961633194,-1.5246791004031783,0,1,0,0,7,0
18.590565,73.860315,-1.0419271651920414,-1.1304670673568942,-1.627513828788379,1,1,0,0,23,1
18.52605,73.846004,-0.5911081965051471,-0.15980358689817636,0.41204161751810164,0,0,0,0,20,0
18.59707,73.821048,-0.6192843820480779,-0.61462378701747,-0.5306100593462382,0,1,0,0,4,1
18.559856,73.84404,-0.8869581447059215,-0.4296203758271216,0.3606242533255013,0,1,0,0,11,0
18.568883,73.897415,0.8177010806413977,1.2517540658641473,0.6177110742885031,0,0,0,0,9,0
18.59621,73.851196,0.704996338469674,-0.6135599932259939,-1.164757551054976,1,0,0,1,17,0
18.511613,73.879729,0.21191309146838325,0.3883403412915229,0.24065040354276715,0,0,0,0,4,1
18.510163,73.864298,-0.999662886877645,-0.7060133445579192,-0.2392449955881695,1,1,0,1,10,0
18.547505,73.862871,-0.9433105157917834,-0.3642454119145886,0.7034066812761703,1,0,0,1,19,0
18.504247,73.88235,-1.6336270615935902,-1.0297934912726534,0.7548240454687707,1,0,1,1,2,1
18.557708,73.890078,0.15556072038252172,-1.0236041455767924,-1.541818221800712,0,0,0,0,10,0
18.570667,73.850055,-1.1405438145922997,-0.9721552094799468,-0.9762272156821079,0,0,0,0,3,1
18.551437,73.896168,-0.182553506132649,0.43708143864642907,0.806241409661371,0,1,0,0,0,1
18.564449,73.863556,0.9444939155845865,-0.2638619614098413,-0.8905316086944407,1,0,0,1,5,1
18.552866,73.848667,-0.49249154710488896,0.5595144331926819,1.6631974795380438,0,1,0,0,3,1
18.586024,73.863152,-1.689979432679452,-1.1261151836644918,-0.6848621519240392,0,0,1,0,3,1
18.556742,73.834503,-0.7460772169912671,-0.7582359488667472,-0.7362795161166397,0,0,0,0,15,0
18.568989,73.877756,1.4516652553573424,-1.088979109489325,-1.661792071583446,1,0,0,0,23,1
18.567156,73.802859,1.014934379441914,2.3313113471594216,1.4232497799725754,1,1,0,1,21,0
18.520093,73.845784,0.9022296372701901,0.051214417920088205,-0.5820274235388385,0,1,0,0,15,0
18.557664,73.805036,-1.0841914435064377,-0.5191724713641119,0.6348501956860365,0,1,0,0,10,0
18.59628,73.828295,-1.2532485567640232,-0.9706078730559815,-0.8048360017067734,1,0,0,1,22,1
18.563261,73.890871,-1.2250723712210922,-0.9566818452402941,-0.78769688030924,0,1,0,0,18,0
18.598317,73.882905,1.141727214385103,0.19956529756775931,-0.5477491807437717,1,1,0,1,6,0
18.578914,73.857754,0.5641154107550195,-0.0700580743081903,-0.5477491807437717,0,0,0,0,7,0
18.555189,73.878141,-1.4645699483360048,-1.1063866442589345,-1.3018705222352436,1,1,0,0,4,1
18.596136,73.884995,1.6911628324722556,1.8776516493581021,0.4805981031082355,1,0,0,1,18,0
18.550114,73.883463,-1.0982795362779032,-1.1414918393776468,-1.661792071583446,1,1,0,0,5,1
18.53268,73.803328,-1.3518652061642813,-0.8774775620385715,-0.016436417420234634,0,1,0,0,0,1
18.584618,73.889457,-1.6195389688221247,-1.0787280056805553,-0.35921884537090365,1,0,1,1,12,0
18.595228,73.881631,1.3530486059570845,1.0462484470562592,0.05212006816989917,0,0,0,0,19,0
18.506173,73.867468,-0.05576067118946017,-0.7338654001892941,-1.0962010654648422,0,1,0,0,1,1
18.570134,73.86831,1.5643699975290661,0.7163756631721618,-0.3078014811783033,0,0,0,0,19,0
18.543506,73.845355,1.52210571921467,-0.7044660081339538,-1.3704270078253773,1,1,0,0,6,0
18.585212,73.881245,-1.689979432679452,-1.0758267498856204,1.0976064734194397,0,0,1,0,9,0
18.589805,73.897769,0.22600118423984872,0.7811703759257077,0.7205458026737038,1,1,0,1,6,0
18.553316,73.896526,1.3248724204141535,0.07326396196159342,-0.7191403947191062,1,0,0,1,8,0
18.5277,73.880898,-0.6474605675910089,-0.5133699597742422,-0.2735232383832364,0,0,0,0,6,0
18.590074,73.826215,0.6063796890694159,0.6645398929693249,0.20637216074770023,1,1,0,1,13,0
18.580311,73.814676,-1.0982795362779032,-0.7415053737826227,-0.15354938860050224,1,0,0,1,1,1
18.595701,73.862777,0.7895248950984668,-0.8750598488761258,-1.4389834934155112,0,0,0,0,8,0
18.546713,73.811936,-0.08393685673239108,-0.1999376253947758,-0.2906623597807699,1,1,0,1,18,0
18.550624,73.855407,0.4373225758118306,1.0625921880343923,0.806241409661371,0,0,0,0,4,1
18.548262,73.851377,0.014679792667867132,0.9163688959696736,1.2004412018046404,0,0,0,0,5,1
18.582992,73.83688,-0.7319891242198017,0.016786182486860906,1.1318847162145067,0,1,0,0,18,0
18.571162,73.879506,1.4516652553573424,2.7255920096910735,1.3032759301898411,0,1,0,0,4,1
18.534353,73.859011,-1.6054508760506592,-1.0221535176793248,0.42918073891563513,1,0,1,1,7,0
18.528674,73.822881,0.25417736978277966,-0.6711015664922027,-1.1133401868623756,1,0,0,1,15,0
18.551744,73.858682,1.6629866469293246,3.403905614546852,1.6117801153454434,1,0,0,1,21,0
18.570654,73.870547,-0.6474605675910089,-0.8648087450673557,-1.0619228226697752,1,1,0,1,13,0
18.560247,73.860612,0.6627320601552776,0.30865251545731137,-0.2049667527931026,1,1,0,1,21,0
18.567321,73.813132,-0.16846541336118384,0.8884201318118009,1.4918062655627091,1,0,0,1,14,0
18.531672,73.807725,1.0431105649848447,-0.42381786423725176,-1.0619228226697752,1,0,0,1,0,1
18.516907,73.883648,-1.6336270615935902,-1.0054229425952002,1.2347194445997074,0,0,1,0,13,0
18.512852,73.889435,0.550027317983554,-0.15593524583826326,-0.6334447877314389,0,0,0,0,12,0
18.506873,73.860741,-0.3797868049331654,-0.7949851889359226,-1.0619228226697752,1,1,0,1,13,0
18.531554,73.823254,0.6063796890694159,0.030905627355544,-0.4620535737561044,1,0,0,1,15,0
18.550651,73.843362,0.0005916998964016713,-0.17595391082331396,-0.3249406025758368,0,0,0,0,17,0
18.593302,73.869798,1.0571986577563102,2.152303864611939,1.2175803232021738,0,1,0,0,7,0
18.507262,73.863543,1.2685200493282918,-1.009581409234607,-1.5932355859933123,1,1,0,0,3,1
18.571333,73.812294,1.4375771625858773,-0.43068416961859773,-1.1476184296574425,0,0,0,0,14,0
18.595542,73.8468,0.4373225758118306,-0.461147355465414,-0.9248098514895076,0,0,0,0,16,0
18.597233,73.827728,-0.9573986085632488,-0.421980402233793,0.5662937100959027,1,0,0,1,9,0
18.580268,73.859033,-0.06984876396092563,0.9453814539190226,1.3889715371775084,0,1,0,0,19,0
18.585316,73.825531,-0.19664159890411445,0.06862195268969767,0.24065040354276715,0,0,0,0,9,0
18.574301,73.8598,-0.06984876396092563,0.1446348545169919,0.20637216074770023,1,0,0,1,17,0
18.512645,73.837784,-1.689979432679452,-1.071474866193218,1.2518585659972408,0,1,1,0,13,0
18.519837,73.813416,-0.16846541336118384,-1.1114154876368219,-1.6446529501859126,1,1,0,0,12,0
18.583833,73.824251,0.7190844312411395,-0.9168379323231881,-1.473261736210578,0,0,0,0,18,0
18.552201,73.831635,0.704996338469674,2.111202740850361,1.5946409939479098,1,0,0,1,10,0
18.569997,73.811466,-1.7604198965367792,-1.1551277416138408,0.20637216074770023,0,1,1,0,10,0
18.538764,73.838307,-0.4784034543334235,-0.7327048978713203,-0.8905316086944407,1,0,0,1,9,0
18.533836,73.849258,-1.0982795362779032,-0.8778643961445627,-0.6677230305265058,0,1,0,0,7,0
18.58889,73.826223,-1.2955128350784193,-1.0849173513764163,-1.3361487650303103,1,0,0,0,1,1
18.503032,73.803369,-1.7040675254509174,-1.1388807091622053,-0.9933663370796414,0,0,1,0,11,0
18.579672,73.885322,0.9726701011275175,1.0774853011150582,0.3263460105304344,0,1,0,0,10,0
18.528175,73.807574,1.5925461830719971,1.4917846286317609,0.2577895249403006,1,0,0,1,13,0
18.513161,73.845514,0.3527940191830379,-0.6329016985255599,-1.0962010654648422,0,1,0,0,17,0
18.562994,73.800459,-0.21072969167557992,-0.5594032183872092,-0.753418637514173,0,1,0,0,19,0
18.537777,73.88977,1.648898554157859,0.2958869899595976,-0.6505839091289723,1,1,0,1,14,0
18.53727,73.871792,0.3950582974974342,-0.19336144559292331,-0.599166544936372,0,0,0,0,15,0
18.595961,73.857683,-1.6054508760506592,-1.1359794533672705,-1.4047052506204443,0,1,1,0,23,1
18.537643,73.835645,-0.5770201037336817,-0.8139400601294973,-0.9933663370796414,1,0,0,1,22,1
18.587794,73.826931,-0.901046237477387,-0.5003143086970352,0.18923303935016678,0,1,0,0,22,1
18.579185,73.807365,1.1135510288421722,-0.7802854929082524,-1.387566129222911,0,0,0,0,15,0
18.525099,73.843021,-1.5490985049647976,-0.8911134642747655,1.4061106585750418,0,0,1,0,0,1
18.571524,73.848848,-0.19664159890411445,0.057887306248438575,0.2235112821452337,0,1,0,0,23,1
18.526466,73.895058,-0.6474605675910089,-0.18485109526111435,0.46345898171070204,0,0,0,0,0,1
18.533294,73.892255,0.9726701011275175,0.7585405807252155,0.03498094677236572,0,0,0,0,19,0
18.542491,73.856987,0.15556072038252172,0.2521747359825787,0.12067655376003299,1,0,0,1,11,0
18.501235,73.844089,0.958582008356052,0.9166590215491671,0.18923303935016678,0,1,0,0,18,0
18.540827,73.839505,1.3389605131856195,0.9086322138498474,-0.05071466021530154,1,1,0,1,7,0
18.54847,73.892732,-1.182808092906696,-0.5048596094424332,1.0976064734194397,0,0,0,0,8,0
18.551141,73.855688,-1.5209223194218668,-0.9035888641929855,0.9090761380465717,1,1,1,2,3,1
18.574767,73.876063,0.2682654625542451,0.37673531811178346,0.17209391795263335,1,0,0,1,3,1
18.531171,73.810351,1.493929533671739,0.9224615331390371,-0.11927114580543535,1,0,0,1,20,0
18.521338,73.829995,0.7472606167840704,1.478632269028056,0.9090761380465717,0,1,0,0,8,0
18.534246,73.856776,0.704996338469674,-1.0535837887911195,-1.6103747073908456,0,0,0,0,15,0
18.542081,73.80585,-1.2673366495354885,-0.5424792262500889,1.3889715371775084,1,1,0,1,16,0
18.554091,73.826221,-0.36569871216169997,0.23312315626250624,0.7719631668663042,0,1,0,0,7,0
18.518619,73.858249,-0.8728700519344561,-0.7712915999439544,-0.6334447877314389,0,0,0,0,18,0
18.52906,73.852663,0.8177010806413977,1.0570798020240162,0.42918073891563513,0,1,0,0,5,1
18.534497,73.869748,1.0008462866704484,2.256749073229595,1.371832415779975,0,0,0,0,3,1
18.524012,73.880633,-0.999662886877645,-0.7895695114520441,-0.5134709379487047,0,0,0,0,6,0
18.513648,73.880404,0.4514106685832961,-0.6540808658285845,-1.1476184296574425,1,1,0,1,15,0
18.578162,73.851196,0.7190844312411395,-0.7466309256870077,-1.3018705222352436,0,1,0,0,15,0
18.576909,73.886733,0.8177010806413977,2.295916026461216,1.6289192367429768,0,0,0,0,11,0
18.521846,73.888459,1.3107843276426885,2.6397148381610007,1.371832415779975,1,1,0,1,9,0
18.510863,73.870716,-1.7463318037653137,-1.1514528176069234,-1.0619228226697752,0,0,1,0,23,1
18.561002,73.840018,1.6911628324722556,-0.5154008388306965,-1.2504531580426432,1,0,0,0,20,0
18.564948,73.869804,-0.16846541336118384,-0.05139332869410922,0.017841825374832268,0,0,0,0,10,0
18.512488,73.884842,1.014934379441914,2.026486071638262,1.14902383761204,0,0,0,0,15,0
18.523756,73.872245,-0.9714867013347142,-0.2723723117416503,1.0804673520219064,0,1,0,0,8,0
18.584408,73.868183,-0.2811701555329072,-0.5154008388306965,-0.6334447877314389,1,0,0,1,3,1
18.533183,73.883327,-1.3941294844786776,-0.7075606809818844,1.337554172984908,0,1,0,0,0,1
18.591042,73.886706,0.7613487095555359,-0.13378899327026017,-0.7020012733215727,0,0,0,0,6,0
18.527284,73.812716,1.2685200493282918,1.2567829092420348,0.27492864633783404,1,0,0,1,22,1
18.508554,73.83683,-0.2952582483043727,-0.3806858614192197,-0.39349708816597057,1,1,0,1,19,0
18.516819,73.873373,1.3812247915000155,-0.48658169793434336,-1.1818966724525093,1,1,0,1,10,0
18.538381,73.834371,1.2262557710138957,2.186732100045166,1.0804673520219064,1,0,0,1,21,0
18.524595,73.867059,1.6911628324722556,0.31387477588819407,-0.6505839091289723,0,0,0,0,7,0
18.511536,73.872045,-1.436393762793074,-0.7169414080521739,1.6631974795380438,0,0,0,0,6,0
18.510068,73.803189,-0.7460772169912671,-0.4240112812902475,0.08639831096496607,0,0,0,0,7,0
18.593815,73.889015,0.09920834929665989,-0.33813410976017455,-0.6163056663339055,1,1,0,1,1,1
18.503298,73.856963,-0.9714867013347142,-1.063061224387907,-1.4218443720179776,1,0,0,0,11,0
18.599548,73.890223,1.1276391216136372,0.589494076407009,-0.2049667527931026,1,1,0,1,19,0
18.56928,73.878434,0.32461783364010693,0.018526935963821774,-0.3078014811783033,1,0,0,1,20,0
18.576038,73.86936,-1.661803247136521,-1.1165410395412068,-0.7362795161166397,0,1,1,0,22,1
18.538426,73.843051,0.28235355532571055,-1.0429458508763583,-1.5760964645957787,0,0,0,0,12,0
18.592099,73.855951,0.479586854126227,1.5050336967619635,1.2518585659972408,0,1,0,0,2,1
18.575501,73.886516,-1.7040675254509174,-1.151646234659919,-1.5589573431982453,0,0,1,0,0,1
18.516904,73.808989,0.14147262761105628,-0.6590130006799739,-1.0619228226697752,1,0,0,1,18,0
18.577741,73.825628,-0.30934634107583814,-0.8363764382769938,-1.164757551054976,1,1,0,1,3,1
18.517444,73.829817,-0.8587819591629906,-0.307187381280869,0.6348501956860365,1,0,0,1,22,1
18.531804,73.892775,-0.5911081965051471,-0.11966954840157709,0.4977372245057689,1,1,0,1,14,0
18.566517,73.835677,-1.3518652061642813,-0.8269957112067043,0.2920677677353675,1,0,0,1,10,0
18.588462,73.873158,1.0853748432992412,1.4039732865717316,0.5320154673008358,1,0,0,1,19,0
18.556039,73.871435,-0.6333724748195434,-0.6754534501846049,-0.6505839091289723,0,0,0,0,3,1
18.561414,73.847123,0.958582008356052,1.8685610478673063,1.0633282306243728,1,1,0,1,23,1
18.543301,73.883487,-1.056015257963507,-0.2750801504835895,1.4061106585750418,1,1,0,1,9,0
18.544786,73.851753,1.648898554157859,2.7298471848569785,1.1318847162145067,1,0,0,1,12,0
18.515166,73.898986,1.5361938119861351,-0.0915273671907085,-0.9076707300919742,0,0,0,0,23,1
18.550536,73.880667,-0.06984876396092563,0.39994536447126267,0.5834328314934362,1,1,0,1,0,1
18.524082,73.827095,0.7331725240126049,-0.11096578101677235,-0.6677230305265058,0,1,0,0,11,0
18.5379,73.802844,1.4375771625858773,-0.2989671565285535,-1.0447837012722418,0,0,0,0,13,0
18.512085,73.885845,-1.2391604639925577,-0.6148172040704657,0.8747978952515049,0,0,0,0,15,0
18.598319,73.814713,-1.2391604639925577,-0.6684904362767611,0.6177110742885031,1,1,0,1,20,0
18.515655,73.893128,-1.6336270615935902,-1.092460616443247,-0.4791926951536378,0,1,1,0,9,0
18.506111,73.857459,-1.3941294844786776,-0.8860846208968782,0.12067655376003299,0,0,0,0,21,0
18.508212,73.882276,-0.08393685673239108,-0.7868616727101049,-1.164757551054976,0,1,0,0,0,1
18.544782,73.80923,-1.182808092906696,-0.5881256507570646,0.7376849240712372,0,0,0,0,10,0
18.58879,73.860136,-0.8728700519344561,-0.5214934760000599,0.06925918956743263,0,0,0,0,23,1
18.588799,73.879664,-1.3941294844786776,-0.7754500665833609,0.8747978952515049,0,1,0,0,8,0
18.567221,73.842152,0.21191309146838325,1.3360839009702552,1.4403889013701088,1,0,0,1,16,0
18.556237,73.850893,1.1276391216136372,1.2040767623007174,0.3263460105304344,1,1,0,1,1,1
18.55988,73.808194,-0.40796299047609635,-0.45882635082946616,-0.4277753309610375,0,0,0,0,21,0
18.518333,73.816303,0.6627320601552776,0.30865251545731137,-0.2049667527931026,0,0,0,0,6,0
18.558022,73.873413,-0.05576067118946017,-0.20728747340861078,-0.3249406025758368,0,0,0,0,13,0
18.588694,73.874338,-0.3938748977046309,0.6272104017411627,1.5432236297553095,1,0,0,1,16,0
18.562334,73.879764,0.6063796890694159,-1.0251514820007577,-1.5760964645957787,1,0,0,0,19,0
18.535055,73.882853,-1.6195389688221247,-0.9733157117979208,1.5089453869602425,1,1,1,2,7,0
18.538236,73.837191,-1.281424742306954,-0.5665596493480486,1.3546932943824415,1,0,0,1,13,0
18.510068,73.815609,0.6204677818408812,-0.8936278859637089,-1.4389834934155112,0,0,0,0,22,1
18.596154,73.879574,1.4516652553573424,-0.5597900524932005,-1.2504531580426432,0,0,0,0,6,0
18.574652,73.868247,0.9163177300416556,-0.6590130006799739,-1.2504531580426432,1,1,0,0,16,0
18.516889,73.813861,-1.5209223194218668,-1.0104517859730875,-0.2049667527931026,0,1,1,0,2,1
18.528981,73.819371,-1.6336270615935902,-1.0506825329961846,0.34348513192796787,1,1,1,2,6,0
18.579477,73.856009,-1.4645699483360048,-0.8768973108795844,0.6348501956860365,1,1,0,1,2,1
18.570421,73.870183,1.3530486059570845,-0.44983245786516796,-1.1476184296574425,0,0,0,0,2,1
18.536611,73.804175,-1.563186597736263,-1.058999466274998,-0.4963318165511713,1,0,1,1,20,0
18.567583,73.835035,-1.1687200001352305,-0.4443200718547917,1.2861368087923077,1,1,0,1,9,0
18.520157,73.859813,0.6204677818408812,-0.8445966630293092,-1.387566129222911,0,1,0,0,17,0
18.526446,73.854057,-1.2673366495354885,-1.0298901997991512,-1.0790619440673086,1,0,0,1,19,0
18.588742,73.88323,-0.7742534025341979,-0.011065873144514172,1.183302080407107,1,0,0,1,12,0
18.576645,73.891567,0.02876788543933259,0.6994516710350416,0.8747978952515049,0,1,0,0,12,0
18.543411,73.82482,1.3107843276426885,1.8596638634295057,0.7376849240712372,0,0,0,0,5,1
18.563887,73.846566,-0.6615486603624743,-0.09907063225753925,0.6862675598786369,0,0,0,0,0,1
18.599597,73.841353,-0.22481778444704537,0.7528347776618435,1.3889715371775084,0,0,0,0,2,1
18.52229,73.894698,1.2685200493282918,-0.6769040780820723,-1.319009643632777,0,0,0,0,0,1
18.527523,73.833563,1.5361938119861351,-0.7704212232054738,-1.4218443720179776,0,1,0,0,7,0
18.54022,73.838007,-0.4502272687904926,-0.588512484863056,-0.6334447877314389,1,1,0,1,12,0
18.555782,73.81992,-0.3516106193902345,-0.4975097614285981,-0.5477491807437717,0,1,0,0,23,1
18.557236,73.833613,-0.49249154710488896,-0.8504958831456769,-1.1133401868623756,1,1,0,1,18,0
18.514824,73.890854,-0.02758448564652925,-0.4889994110967891,-0.753418637514173,0,1,0,0,0,1
18.510045,73.849454,-0.8587819591629906,-0.5547612091153133,-0.05071466021530154,0,0,0,0,21,0
18.556109,73.89296,0.5077630396691579,1.9121765933178274,1.6631974795380438,0,1,0,0,10,0
18.547617,73.857193,-1.2109842784496267,-1.0042624402772264,-1.0276445798747083,1,0,0,1,23,1
18.561105,73.894533,1.4798414409002734,1.8921579283327765,0.6348501956860365,1,0,0,1,22,1
18.551223,73.859456,1.2544319565568267,-0.8653889962263428,-1.473261736210578,0,0,0,0,3,1
18.556069,73.879555,-1.380041391707212,-0.8966258502851416,-0.016436417420234634,1,0,0,1,10,0
18.519741,73.867659,-0.7601653097627326,-1.1139299093257653,-1.6103747073908456,1,1,0,0,19,0
18.583807,73.824371,-0.8024295880771287,-0.7145236948897282,-0.5648883021413051,0,0,0,0,8,0
18.530832,73.804732,0.6063796890694159,-0.7164578654196848,-1.2504531580426432,1,1,0,0,22,1
18.503028,73.815167,0.08512025652519443,0.46648083070176954,0.4805981031082355,1,0,0,1,6,0
18.593976,73.819106,-1.6054508760506592,-1.0434293935088474,0.08639831096496607,0,1,1,0,22,1
18.540618,73.878265,-1.2673366495354885,-1.0366597966539992,-1.1133401868623756,1,1,0,1,18,0
18.592867,73.822937,0.32461783364010693,0.09009124557221575,-0.22210587419063607,0,1,0,0,21,0
18.538914,73.88391,-0.337522526618769,-0.2858147969248486,-0.18782763139556916,1,1,0,1,17,0
18.547834,73.824599,0.7190844312411395,1.5171222625741922,0.9776326236367056,0,1,0,0,21,0
18.582339,73.893078,-1.1687200001352305,-0.8017547857907706,-0.22210587419063607,0,0,0,0,21,0
18.581417,73.883531,-0.6897248459054053,-0.5377405084516953,-0.2735232383832364,0,0,0,0,11,0
18.566814,73.843033,-0.4220510832475618,-0.061837849555874826,0.3263460105304344,1,0,0,1,2,1
18.564015,73.855625,-1.408217577250143,-1.0269889440042164,-0.8048360017067734,1,0,0,1,18,0
18.548166,73.803023,1.4094009770429463,-0.8504958831456769,-1.473261736210578,1,1,0,0,3,1
18.561254,73.802388,0.7472606167840704,-0.673132445548657,-1.2333140366451096,0,0,0,0,1,1
18.546348,73.833644,-0.6897248459054053,0.2192938369733165,1.4918062655627091,0,1,0,0,0,1
18.565347,73.832203,1.2685200493282918,-0.09471874856513687,-0.8391142445018404,0,0,0,0,9,0
18.53122,73.824249,-0.5911081965051471,0.3057512596623763,1.4061106585750418,1,0,0,1,15,0
18.591202,73.867639,1.6629866469293246,1.5003916874900676,0.2235112821452337,1,1,0,1,19,0
18.563231,73.868832,0.704996338469674,1.4680910396397926,0.9433543808416387,0,0,0,0,9,0
18.522236,73.892625,0.9444939155845865,0.6274038187941582,-0.06785378161283499,1,1,0,1,15,0
18.51098,73.881681,1.2826081420997575,1.0382216393569395,0.08639831096496607,1,1,0,1,20,0
18.509925,73.881981,0.1273845348395908,0.1537254560077879,0.017841825374832268,1,1,0,1,11,0
18.501328,73.80892,1.6066342758434629,1.0637526903523664,-0.06785378161283499,0,1,0,0,10,0
18.571828,73.813966,-0.2529939699899763,-0.9171280579026817,-1.319009643632777,1,1,0,0,18,0
18.587252,73.809103,-1.5068342266504013,-0.9775708869638253,0.03498094677236572,0,1,1,0,22,1
18.500052,73.85139,-1.0982795362779032,-0.2733393970066285,1.6117801153454434,1,0,0,1,11,0
18.581835,73.812421,-0.2952582483043727,-0.11918600576908783,0.05212006816989917,1,1,0,1,20,0
18.528793,73.803301,-1.0841914435064377,-1.0297934912726534,-1.2504531580426432,1,0,0,0,21,0
18.527053,73.889093,1.5361938119861351,0.5647366936235646,-0.41063620956350405,1,0,0,1,1,1
18.505341,73.883757,-0.6897248459054053,-1.0301803253786448,-1.4218443720179776,1,1,0,0,4,1
18.511795,73.832353,-1.689979432679452,-1.107257020997415,-0.016436417420234634,0,1,1,0,7,0
18.592204,73.889578,0.296441648097176,1.146341771981513,1.0804673520219064,0,0,0,0,9,0
18.514716,73.832362,0.21191309146838325,-0.24800176306419722,-0.5648883021413051,1,1,0,1,14,0
18.569823,73.868299,-0.6615486603624743,0.08196772934639815,1.0976064734194397,0,0,0,0,17,0
18.590592,73.858717,1.0008462866704484,1.1763214151958403,0.3949024961205682,1,1,0,1,19,0
18.584129,73.897287,-0.06984876396092563,-0.6677167680647786,-0.9933663370796414,1,0,0,1,18,0
18.557866,73.815798,0.02876788543933259,-0.49190066689172396,-0.78769688030924,1,0,0,1,23,1
18.52013,73.871184,-0.8165176808485942,0.12780757090636943,1.6803366009355771,0,1,0,0,16,0
18.546083,73.843857,-1.056015257963507,-0.7489519303229556,-0.2735232383832364,1,0,0,1,4,1
18.536598,73.831442,1.1135510288421722,-1.0367565051804972,-1.6103747073908456,1,1,0,0,4,1
18.512814,73.888786,0.8458772661843287,-0.850979425778166,-1.4218443720179776,0,1,0,0,1,1
18.54133,73.875787,-1.1546319073637652,-1.0470076089892673,-1.2675922794401766,1,0,0,0,10,0
18.578089,73.809033,-1.1968961856781613,-0.6677167680647786,0.44631986031316856,0,0,0,0,10,0
18.589638,73.819286,-0.3516106193902345,-0.4975097614285981,-0.5477491807437717,1,1,0,1,18,0
18.528653,73.834757,-0.5206677326478198,-0.10835465080133098,0.3949024961205682,0,1,0,0,19,0
18.545028,73.884319,-1.563186597736263,-0.9168379323231881,1.3032759301898411,1,1,1,2,23,1
18.502701,73.801846,0.18373690592545233,0.12606681742940842,-0.06785378161283499,1,0,0,1,16,0
18.597808,73.892142,-1.5068342266504013,-0.9636448591481378,0.17209391795263335,0,0,1,0,22,1
18.518538,73.829205,0.9444939155845865,0.8873563380203247,0.17209391795263335,1,0,0,1,19,0
18.575938,73.827005,-0.5065796398763545,0.29946520544001737,1.183302080407107,1,0,0,1,10,0
18.589305,73.827779,0.8036129878699323,2.189053104681114,1.5432236297553095,1,0,0,1,23,1
18.501288,73.820858,1.648898554157859,1.9107259654203597,0.5320154673008358,1,0,0,1,10,0
18.551424,73.821191,-0.11211304227532201,-1.053293663211626,-1.5589573431982453,1,1,0,0,18,0
18.572483,73.857165,1.3389605131856195,-0.2615409567738933,-0.9933663370796414,1,0,0,1,15,0
18.577603,73.806382,-0.9151343302488525,-0.6387042101154297,-0.18782763139556916,0,1,0,0,5,1
18.530941,73.898337,1.3530486059570845,2.77742777989391,1.4403889013701088,0,1,0,0,18,0
18.527564,73.838146,0.3950582974974342,0.7092192322113223,0.44631986031316856,1,0,0,1,6,0
18.510397,73.807927,0.9022296372701901,0.014658594903908525,-0.6163056663339055,0,0,0,0,6,0
18.595954,73.888227,-0.5206677326478198,-0.11686500113313997,0.3777633747230348,1,1,0,1,3,1
18.577007,73.84628,-0.36569871216169997,0.3384387416186428,0.9604935022391721,1,0,0,1,8,0
18.544252,73.825051,-0.12620113504678745,-0.48203639718894536,-0.6848621519240392,0,0,0,0,20,0
18.536899,73.851589,0.25417736978277966,-0.698760205070582,-1.1476184296574425,0,0,0,0,2,1
18.582809,73.858599,-1.1264557218208342,-1.002811812379759,-1.1133401868623756,0,1,0,0,14,0
18.513216,73.88881,0.18373690592545233,-0.461147355465414,-0.8219751231043069,0,1,0,0,13,0
18.511595,73.820399,-0.06984876396092563,-0.47043137400920576,-0.7020012733215727,1,1,0,1,0,1
18.547934,73.816384,-1.0701033507349724,-0.7665528821455607,-0.3078014811783033,1,1,0,1,6,0
18.552352,73.845109,-0.9151343302488525,-0.04684802794871123,1.5603627511528428,0,1,0,0,3,1
18.514697,73.84475,-0.5629320109622162,0.3573936128122175,1.4403889013701088,1,1,0,1,14,0
18.550272,73.853069,-1.1968961856781613,-1.1241810131345353,-1.5760964645957787,1,1,0,0,22,1
18.584193,73.831028,-1.563186597736263,-0.9506859165974286,0.8747978952515049,0,0,1,0,18,0
18.541911,73.86462,1.4375771625858773,2.269514598727308,0.9604935022391721,1,0,0,1,16,0
18.539521,73.814212,1.3107843276426885,-0.6702311897537221,-1.319009643632777,1,1,0,0,8,0
18.596241,73.840271,0.9867581938989829,2.201625213125832,1.337554172984908,0,1,0,0,23,1
18.50719,73.873284,0.1696488131539872,0.8984778185675751,0.9433543808416387,1,0,0,1,23,1
18.597119,73.819312,-0.013496392875063788,0.7515775668173718,1.0119108664317724,0,0,0,0,3,1
18.568233,73.815427,-0.2811701555329072,0.5812738516546936,1.2175803232021738,1,1,0,1,7,0
18.570636,73.884488,1.1980795854709647,0.8148249431469523,-0.05071466021530154,1,0,0,1,20,0
18.573588,73.832613,0.4373225758118306,0.7608615853611634,0.46345898171070204,0,1,0,0,17,0
18.503441,73.848471,-0.8306057736200597,-0.47217212748616666,0.12067655376003299,1,0,0,1,20,0
18.519388,73.809924,0.3387059264115724,-0.045590817104239345,-0.39349708816597057,1,0,0,1,18,0
18.570147,73.814485,1.0712867505277754,1.1969203313398782,0.3606242533255013,1,0,0,1,1,1
18.566898,73.865856,-0.23890587721851084,0.17132640783039285,0.46345898171070204,1,0,0,1,17,0
18.526471,73.875906,-0.40796299047609635,0.07036270616665855,0.5491545886983693,0,0,0,0,5,1
18.573226,73.834878,0.7895248950984668,1.2079451033606305,0.6005719528909697,1,0,0,1,12,0
18.537894,73.844063,1.2826081420997575,1.8528942665746577,0.7548240454687707,0,1,0,0,8,0
18.55229,73.853925,-0.013496392875063788,0.6676345658172553,0.8919370166490384,1,1,0,1,20,0
18.596853,73.86315,0.3105297408686415,0.7498368133404107,0.5834328314934362,1,1,0,1,13,0
18.556793,73.868319,1.52210571921467,1.6615080926354524,0.42918073891563513,0,0,0,0,14,0
18.564268,73.891762,0.6204677818408812,-0.4033156566197119,-0.9248098514895076,0,0,0,0,22,1
18.59673,73.838005,-1.6195389688221247,-1.0110320371320742,0.840519652456438,0,0,1,0,22,1
18.536703,73.846465,0.4514106685832961,1.2438239666913253,0.994771745034239,1,1,0,1,1,1
18.502829,73.860067,-0.8728700519344561,-1.0210897238878487,-1.3361487650303103,1,1,0,0,17,0
18.560075,73.894446,0.2400892770113142,-0.9354059694107715,-1.4389834934155112,1,0,0,0,20,0
18.589341,73.879568,1.493929533671739,-0.5519566618468763,-1.2504531580426432,1,0,0,0,23,1
18.509549,73.837569,1.169903399928034,0.4541021393100473,-0.3420797239733702,0,1,0,0,2,1
18.512286,73.823805,-0.6615486603624743,0.29317915121765836,1.5775018725503764,1,1,0,1,1,1
18.581223,73.851194,-1.3377771133928158,-0.6967293260141276,0.994771745034239,0,0,0,0,10,0
18.538698,73.856821,-0.9151343302488525,-1.0622875561759242,-1.4389834934155112,1,0,0,0,15,0
18.500998,73.810822,0.42323448304036515,1.7978671149973926,1.6631974795380438,0,0,0,0,10,0
18.577409,73.878595,0.9444939155845865,0.21890700286732526,-0.4449144523585709,0,1,0,0,14,0
18.523121,73.818597,-0.4361391760190273,0.5811771431281956,1.5603627511528428,1,1,0,1,23,1
18.596422,73.820983,-0.182553506132649,0.8486729274211928,1.4575280227676422,0,0,0,0,23,1
18.569827,73.831899,0.8740534517272596,2.1543347436683926,1.4232497799725754,1,1,0,1,0,1
18.58291,73.823874,1.1980795854709647,2.0536611675841523,0.994771745034239,1,0,0,1,19,0
18.573884,73.811838,0.1273845348395908,-0.40350907367270755,-0.7191403947191062,1,0,0,1,6,0
18.541764,73.802055,-0.06984876396092563,-0.5400615130876432,-0.8048360017067734,1,1,0,1,12,0
18.597559,73.850492,-1.4504818555645393,-0.8338620165880501,0.8747978952515049,0,0,0,0,4,1
18.530293,73.817218,-1.0841914435064377,-1.0065834449131743,-1.164757551054976,0,1,0,0,7,0
18.571419,73.869014,1.4375771625858773,0.2498537313466307,-0.6163056663339055,0,1,0,0,19,0
18.523883,73.883701,0.28235355532571055,-0.36985450645146273,-0.753418637514173,1,0,0,1,8,0
18.555459,73.811419,-0.05576067118946017,-1.014706961138992,-1.507539979005645,1,1,0,0,3,1
18.587072,73.811595,-1.3377771133928158,-0.9259285338139841,-0.35921884537090365,0,0,0,0,10,0
18.511776,73.832719,0.5218511324406234,1.1792226709907752,0.840519652456438,1,0,0,1,10,0
18.531941,73.809383,-0.6333724748195434,-0.6135599932259939,-0.5134709379487047,0,1,0,0,8,0
18.506154,73.88679,-1.5913627832791937,-0.9996204310053305,0.5834328314934362,1,1,1,2,10,0
18.515491,73.843977,-0.4502272687904926,-1.1281460627209463,-1.661792071583446,0,0,0,0,4,1
18.549434,73.868645,-1.2532485567640232,-0.47623388559907553,1.6289192367429768,0,1,0,0,17,0
18.576504,73.88616,0.6063796890694159,1.428150418196189,1.0119108664317724,0,0,0,0,18,0
18.554287,73.845685,-0.7319891242198017,-0.30796104949285175,0.34348513192796787,0,1,0,0,18,0
18.535341,73.807434,-0.2811701555329072,-1.002811812379759,-1.4561226148130446,1,1,0,0,3,1
18.538594,73.828837,-1.6195389688221247,-1.0806621762105117,-0.39349708816597057,1,1,1,2,12,0
18.550931,73.80874,0.1696488131539872,-0.850399174619179,-1.319009643632777,1,0,0,0,9,0
18.575339,73.803004,1.3812247915000155,0.2035303471541703,-0.6334447877314389,0,1,0,0,19,0
18.594578,73.805925,-1.0701033507349724,-0.6623010905809001,0.06925918956743263,1,1,0,1,18,0
18.533707,73.82047,0.7895248950984668,0.9103729673268084,0.30920688913290095,0,0,0,0,13,0
18.505379,73.898087,-1.3236890206213503,-0.8493353808277029,0.03498094677236572,1,0,0,1,0,1
18.56505,73.835275,1.52210571921467,2.5177653862472376,1.0804673520219064,0,1,0,0,10,0
18.528342,73.846754,1.0431105649848447,0.4037169970046779,-0.3249406025758368,0,0,0,0,10,0
18.587869,73.805358,-1.4223056700216086,-0.7884090091340702,0.994771745034239,1,0,0,1,12,0
18.506286,73.825548,-0.8869581447059215,-0.2977099456840817,0.7376849240712372,0,1,0,0,3,1
18.595298,73.8445,-1.3236890206213503,-0.9003007742920591,-0.25638411698570296,0,0,0,0,13,0
18.507388,73.813477,0.7331725240126049,-0.1280831902068882,-0.6848621519240392,1,1,0,1,12,0
18.578734,73.878445,1.5080176264432044,1.8064741738556993,0.5491545886983693,0,0,0,0,8,0
18.597175,73.887355,-0.8728700519344561,-0.10110151131399375,1.2518585659972408,1,1,0,1,11,0
18.589986,73.814263,-0.9855747941061795,-1.0168345487219441,-1.2675922794401766,1,1,0,0,20,0
18.574398,73.860466,1.014934379441914,0.9595976073142035,0.18923303935016678,1,1,0,1,13,0
18.591111,73.829683,-1.6054508760506592,-1.090236320333797,-0.6677230305265058,1,1,1,2,3,1
18.560621,73.868099,1.0431105649848447,-0.1928779029604342,-0.8562533658993737,0,1,0,0,10,0
18.550549,73.896651,-0.7319891242198017,-0.6680068936442721,-0.5306100593462382,1,0,0,1,23,1
18.58881,73.856487,-0.23890587721851084,0.7353305343657363,1.3889715371775084,0,0,0,0,12,0
18.566551,73.810606,1.3107843276426885,0.8687883009327415,-0.06785378161283499,1,0,0,1,1,1
18.566147,73.860275,1.1135510288421722,1.5871392357586211,0.6691284384811035,1,1,0,1,21,0
18.572137,73.800198,-0.2529939699899763,0.5212178566995411,1.0633282306243728,1,1,0,1,7,0
18.513769,73.832605,0.8036129878699323,-0.46869062053224475,-1.0447837012722418,0,1,0,0,0,1
18.523232,73.860662,0.5077630396691579,-1.108417523315389,-1.661792071583446,0,0,0,0,11,0
18.595385,73.811872,0.9163177300416556,-0.9346323011987888,-1.507539979005645,0,0,0,0,7,0
18.522091,73.80631,0.9304058228131211,-0.7857011703921309,-1.3704270078253773,1,0,0,0,12,0
18.503172,73.815139,1.5361938119861351,2.2393415384599855,0.8576587738539714,0,1,0,0,12,0
18.544645,73.81524,-1.0701033507349724,-1.1361728704202663,-1.6446529501859126,1,1,0,0,0,1
18.511666,73.843568,0.1978249986969178,-0.7921806416674855,-1.2504531580426432,1,0,0,0,8,0
18.557683,73.873216,0.7472606167840704,-0.7247747986984981,-1.28473140083771,0,0,0,0,15,0
18.547727,73.84625,1.3812247915000155,-0.8532037218876162,-1.473261736210578,0,0,0,0,5,1
18.590106,73.846958,0.014679792667867132,0.47769901977551776,0.5834328314934362,1,0,0,1,23,1
18.576641,73.83035,-1.1968961856781613,-0.555534877327296,0.9433543808416387,1,0,0,1,14,0
18.579993,73.843388,0.02876788543933259,-0.3936448039699289,-0.6505839091289723,1,1,0,1,2,1
18.593318,73.819416,-0.8024295880771287,-0.16870077133597675,0.8576587738539714,1,1,0,1,10,0
18.521782,73.824208,-0.49249154710488896,-1.1029051373050127,-1.6103747073908456,1,0,0,0,5,1
18.50253,73.819329,-1.1687200001352305,-0.35089963525788814,1.6803366009355771,0,1,0,0,11,0
18.575514,73.888705,-0.9292224230203179,-0.5331952077062972,0.1549547965550999,1,0,0,1,14,0
18.560826,73.887815,0.3950582974974342,0.7092192322113223,0.44631986031316856,0,0,0,0,2,1
18.590963,73.839267,0.5641154107550195,0.7597010830431895,0.34348513192796787,1,0,0,1,9,0
18.523501,73.806812,-0.4502272687904926,-0.8133598089705102,-1.0619228226697752,0,0,0,0,16,0
18.569096,73.854591,-0.12620113504678745,0.19105494723595004,0.34348513192796787,1,1,0,1,4,1
18.525706,73.847683,-0.013496392875063788,1.063365856246375,1.4575280227676422,1,0,0,1,9,0
18.547352,73.872537,-0.2952582483043727,0.4641598260658215,1.0461891092268394,1,0,0,1,5,1
18.50472,73.88872,1.7475152035581174,-0.6494388565566886,-1.353287886427844,1,0,0,0,15,0
18.52284,73.841391,1.3812247915000155,1.087736404923828,0.06925918956743263,0,1,0,0,10,0
18.57468,73.872534,-0.2811701555329072,-0.4747832577016081,-0.5648883021413051,0,0,0,0,1,1
18.562651,73.874484,-1.2955128350784193,-1.0785345886275597,-1.3018705222352436,1,0,0,0,20,0
18.583887,73.891593,-0.30934634107583814,-0.01957622347632315,0.24065040354276715,0,1,0,0,13,0
18.54041,73.88012,-0.3516106193902345,-0.6812559617744748,-0.8733924872969072,0,0,0,0,10,0
18.514689,73.829026,1.0712867505277754,1.2552355728180693,0.41204161751810164,0,1,0,0,5,1
18.57115,73.840821,-0.8728700519344561,-0.6006977592017825,-0.15354938860050224,1,0,0,1,15,0
18.588691,73.840184,-0.901046237477387,-0.27614394427506567,0.840519652456438,1,1,0,1,4,1
18.524219,73.852703,-0.5911081965051471,-0.7297069335498875,-0.8048360017067734,1,1,0,1,18,0
18.500295,73.893422,0.550027317983554,1.5569661754912982,1.2175803232021738,0,1,0,0,5,1
18.531845,73.882814,1.7193390180151866,-0.9401446872091651,-1.5589573431982453,1,1,0,0,19,0
18.577299,73.895014,-0.1543773205897184,-1.088979109489325,-1.6103747073908456,1,1,0,0,12,0
18.569947,73.863385,-0.9855747941061795,-0.0913339501377129,1.714614843730644,0,1,0,0,6,0
18.571299,73.848057,0.9163177300416556,1.1416997627096173,0.42918073891563513,1,1,0,1,8,0
18.514587,73.888336,1.1135510288421722,2.218452496736454,1.2175803232021738,0,0,0,0,7,0
18.509006,73.801255,-0.19664159890411445,0.7985779106953171,1.4061106585750418,1,0,0,1,7,0
18.519789,73.800689,-0.09802494950385655,-0.19655282696735168,-0.2735232383832364,0,1,0,0,20,0
18.543419,73.831578,-0.8306057736200597,-0.08920636255476064,1.14902383761204,1,0,0,1,21,0
18.526241,73.801243,-1.2955128350784193,-0.9030086130339984,-0.35921884537090365,0,0,0,0,17,0
18.514651,73.858733,1.4234890698144116,-0.958422598717255,-1.5589573431982453,1,0,0,0,11,0
18.525105,73.826526,-0.6474605675910089,-0.23833091041441423,0.34348513192796787,1,0,0,1,16,0
18.587203,73.840682,0.5782035035264849,-0.9303771260328844,-1.473261736210578,1,1,0,0,22,1
18.538098,73.828386,-1.7322437109938482,-1.1230205108165614,1.1318847162145067,1,1,1,2,2,1
18.554667,73.878414,-0.6474605675910089,-0.30709067275437124,0.18923303935016678,0,0,0,0,13,0
18.531147,73.878616,-0.4220510832475618,0.33321648118776004,1.0633282306243728,0,1,0,0,13,0
18.598554,73.802523,-0.04167257841799471,0.8034133370202087,1.1318847162145067,0,0,0,0,11,0
18.574366,73.844288,1.141727214385103,-0.3383275268131703,-1.0105054584771749,1,0,0,1,12,0
18.561293,73.869257,0.6345558746123467,1.1300947395298777,0.6691284384811035,1,1,0,1,8,0
18.537469,73.883982,0.9444939155845865,-0.1710217759719246,-0.8048360017067734,0,0,0,0,9,0
18.56706,73.802304,0.21191309146838325,-1.006196610807183,-1.5246791004031783,1,0,0,0,0,1
18.582713,73.868445,0.9444939155845865,-0.2824299984974246,-0.9076707300919742,0,0,0,0,16,0
18.514557,73.857626,1.183991492699499,2.7053799276530275,1.5603627511528428,0,1,0,0,15,0
18.574338,73.833855,-0.7038129386768707,-0.06715681851325543,0.8576587738539714,1,1,0,1,7,0
18.529796,73.810604,0.8740534517272596,1.5575464266502852,0.8576587738539714,0,1,0,0,17,0
18.534005,73.88421,-0.22481778444704537,-0.4910302901532435,-0.6334447877314389,1,1,0,1,14,0
18.526055,73.809601,1.3530486059570845,1.9011518212970744,0.7376849240712372,1,0,0,1,5,1
18.54284,73.875091,1.4798414409002734,0.891224679080238,-0.1364102672029688,1,1,0,1,23,1
18.58243,73.813625,0.9726701011275175,-0.06696340146025981,-0.7191403947191062,1,1,0,1,8,0
18.533171,73.810771,-0.6615486603624743,-0.7855077533391353,-0.8733924872969072,1,0,0,1,18,0
18.549483,73.878506,-0.5770201037336817,-0.8708046737102213,-1.1133401868623756,0,1,0,0,20,0
18.57086,73.879303,0.8740534517272596,0.490561253799729,-0.15354938860050224,1,1,0,1,6,0
18.584753,73.88454,0.18373690592545233,0.9801965234582415,1.029049987829306,1,1,0,1,7,0
18.529828,73.883466,-1.027839072420576,-0.9690605366320163,-1.0790619440673086,0,1,0,0,6,0
18.559773,73.899406,-0.11211304227532201,-0.22730613839366162,-0.3078014811783033,1,1,0,1,17,0
18.574085,73.83304,-0.04167257841799471,0.01291784142694766,-0.016436417420234634,1,0,0,1,21,0
18.503324,73.811865,-0.8165176808485942,-0.9607436033532029,-1.1990357938500429,0,1,0,0,19,0
18.580943,73.847653,-1.563186597736263,-1.030567159484636,-0.1364102672029688,0,1,1,0,11,0
18.521511,73.895199,0.8740534517272596,0.25546282588350494,-0.37635796676843714,1,0,0,1,10,0
18.56092,73.841889,0.4091463902688997,-0.6338687837905382,-1.1133401868623756,1,1,0,1,23,1
18.545513,73.862304,-0.6615486603624743,-0.4536040903985833,-0.11927114580543535,1,1,0,1,21,0
18.512513,73.844888,-0.09802494950385655,-0.6872518904173401,-1.0105054584771749,1,1,0,1,5,1
18.502508,73.867815,-1.027839072420576,-0.4661761988433013,0.6348501956860365,0,1,0,0,0,1
18.554766,73.815015,1.0853748432992412,-0.08069601222295167,-0.7705577589117065,1,1,0,1,9,0
18.551154,73.838329,-0.8869581447059215,-0.3216936602555434,0.6691284384811035,1,1,0,1,12,0
18.565834,73.89305,0.15556072038252172,-0.7474045938989904,-1.1818966724525093,1,1,0,1,21,0
18.560233,73.813156,-0.21072969167557992,-0.7508861008529122,-1.0619228226697752,1,0,0,1,0,1
18.542184,73.850458,0.4373225758118306,0.6401693442918717,0.3263460105304344,1,1,0,1,20,0
18.503805,73.822622,1.3530486059570845,-0.7917938075614941,-1.4218443720179776,0,1,0,0,18,0
18.54364,73.827332,0.7472606167840704,-0.9313442112978626,-1.4904008576081116,1,0,0,0,1,1
18.539362,73.887992,-0.7460772169912671,-1.0506825329961846,-1.4561226148130446,0,1,0,0,13,0
18.5989,73.848127,-1.2109842784496267,-1.1098681512128565,-1.507539979005645,1,1,0,0,16,0
18.524095,73.829943,-1.6054508760506592,-0.9530069212333766,1.5432236297553095,1,0,1,1,5,1
18.539291,73.842246,-0.3797868049331654,-1.0508759500491802,-1.5246791004031783,0,0,0,0,8,0
18.574273,73.819123,1.620722368614928,-0.08746560907779964,-0.9248098514895076,0,0,0,0,4,1
18.561643,73.815622,0.8599653589557941,-0.9212865245420884,-1.4904008576081116,1,1,0,0,4,1
18.501552,73.826026,1.6911628324722556,3.1097182769404537,1.371832415779975,1,1,0,1,22,1
18.534328,73.822886,-1.281424742306954,-0.7802854929082524,0.24065040354276715,0,0,0,0,9,0
18.525649,73.863025,1.2685200493282918,-1.009581409234607,-1.5932355859933123,0,0,0,0,19,0
18.529631,73.88608,0.07103216375372898,1.1707123206589662,1.4575280227676422,0,0,0,0,16,0
18.566643,73.800507,-1.3096009278498848,-0.827092419733202,0.10353743236249953,1,0,0,1,4,1
18.50218,73.807969,0.14147262761105628,-0.8548477668380793,-1.319009643632777,0,1,0,0,15,0
18.57153,73.83019,-1.5772746905077286,-0.9150004703197294,1.5603627511528428,1,0,1,1,18,0
18.57604,73.856428,0.5782035035264849,0.2254831826691775,-0.2392449955881695,1,0,0,1,19,0
18.540893,73.87938,-1.1405438145922997,-0.5764239190508272,0.6177110742885031,0,1,0,0,6,0
18.582992,73.861642,0.550027317983554,0.9225582416655349,0.5320154673008358,0,1,0,0,21,0
18.582082,73.836032,0.9163177300416556,-0.6406383806453861,-1.2333140366451096,0,0,0,0,7,0
18.513689,73.851611,0.8740534517272596,-1.0466207748832759,-1.6103747073908456,1,0,0,0,5,1
18.540932,73.884801,1.1558153071565682,-0.07411983242109917,-0.78769688030924,1,1,0,1,17,0
18.555678,73.863209,-1.3236890206213503,-0.9092946672563574,-0.3078014811783033,0,1,0,0,22,1
18.553177,73.894556,-1.2673366495354885,-0.49847684669357634,1.6117801153454434,0,0,0,0,0,1
18.548896,73.827177,-0.3797868049331654,0.6740173285661121,1.5946409939479098,0,1,0,0,14,0
18.536229,73.834787,-0.5770201037336817,0.06339969225881481,0.8576587738539714,0,1,0,0,15,0
18.580467,73.844027,0.6486439673838122,0.21745637496985776,-0.2906623597807699,0,1,0,0,5,1
18.578797,73.812657,0.9444939155845865,0.8130841896699916,0.10353743236249953,1,0,0,1,10,0
18.589724,73.866031,0.3387059264115724,1.193632241438952,1.0804673520219064,0,1,0,0,18,0
18.58608,73.873215,0.8599653589557941,0.8055409246031608,0.1549547965550999,0,1,0,0,22,1
18.596147,73.822025,0.5922915962979504,0.12074784847202795,-0.35921884537090365,0,0,0,0,20,0
18.575771,73.849665,1.0712867505277754,1.7606343322957279,0.8576587738539714,0,1,0,0,13,0
18.521716,73.810207,0.11329644206812535,-0.6149139125969635,-0.9933663370796414,1,1,0,1,11,0
18.541774,73.810259,-0.36569871216169997,-0.5806790942167317,-0.6848621519240392,0,1,0,0,20,0
18.539098,73.883351,1.0712867505277754,0.5554526750797728,-0.2049667527931026,0,1,0,0,22,1
18.590582,73.898576,-0.2952582483043727,0.5043905730889187,1.114745594816973,1,0,0,1,22,1
18.54448,73.860832,0.8740534517272596,-0.558339424595733,-1.1476184296574425,1,0,0,1,5,1
18.529909,73.808762,0.7613487095555359,0.9914147125319898,0.41204161751810164,1,0,0,1,0,1
18.572197,73.81291,-1.1123676290493687,-0.8036889563207272,-0.35921884537090365,1,0,0,1,21,0
18.59033,73.847752,1.141727214385103,1.0362874688269827,0.17209391795263335,1,0,0,1,2,1
18.598241,73.820215,-1.1123676290493687,-0.7147171119427238,-0.016436417420234634,0,1,0,0,6,0
18.56418,73.847246,-1.6195389688221247,-1.0603533856459677,-0.033575538817768084,0,1,1,0,0,1
18.587854,73.846546,-0.11211304227532201,1.0286474952336542,1.5946409939479098,1,1,0,1,14,0
18.566035,73.8285,1.6348104613863939,0.3831180808606402,-0.5820274235388385,0,0,0,0,21,0
18.530108,73.89895,0.11329644206812535,-0.7563984868632885,-1.1818966724525093,0,0,0,0,7,0
18.513145,73.801773,1.648898554157859,-1.1083208147888912,-1.6789311929809794,0,0,0,0,17,0
18.581632,73.834656,1.5080176264432044,-0.21279985941898716,-0.9933663370796414,0,0,0,0,11,0
18.580403,73.871483,1.3107843276426885,-1.0707979065077333,-1.6446529501859126,0,1,0,0,8,0
18.50925,73.848681,-0.6897248459054053,-0.6994371647560669,-0.6505839091289723,0,0,0,0,7,0
18.522838,73.896479,1.141727214385103,-0.3582494832717231,-1.0276445798747083,1,0,0,1,10,0
18.566546,73.832202,-0.40796299047609635,0.4231554108307416,1.2004412018046404,1,1,0,1,0,1
18.531328,73.849684,0.22600118423984872,0.5084523312018278,0.3777633747230348,1,1,0,1,6,0
18.54395,73.877585,0.5922915962979504,0.12074784847202795,-0.35921884537090365,0,1,0,0,9,0
18.5469,73.837557,-0.23890587721851084,0.4011058667892364,0.840519652456438,0,0,0,0,8,0
18.508322,73.819079,-0.8165176808485942,0.024136030500695883,1.4061106585750418,1,1,0,1,19,0
18.598323,73.853583,0.6909082456982085,-0.8354093530120155,-1.387566129222911,1,0,0,0,17,0
18.545396,73.807582,-0.1543773205897184,-0.9236075291780362,-1.353287886427844,0,1,0,0,12,0
18.505706,73.842838,1.2262557710138957,1.0386084734629306,0.12067655376003299,0,0,0,0,22,1
18.562273,73.877983,0.04285597821079805,0.10749878034182522,0.03498094677236572,0,0,0,0,9,0
18.558032,73.851659,0.22600118423984872,1.1220679318305578,1.14902383761204,0,0,0,0,16,0
18.591959,73.859566,1.6629866469293246,2.7929011441335634,1.1661629590095735,1,0,0,1,6,0
18.560546,73.854536,0.32461783364010693,-0.3965460597648638,-0.8048360017067734,0,1,0,0,13,0
18.524683,73.847209,0.5641154107550195,-0.5647221873445898,-1.0790619440673086,1,1,0,1,19,0
18.548537,73.88864,-1.563186597736263,-1.140234628533175,-1.5246791004031783,0,1,1,0,2,1
18.513658,73.820395,-1.056015257963507,-1.068090067765794,-1.4047052506204443,0,0,0,0,2,1
18.575145,73.861476,0.8036129878699323,1.8546350200516186,1.2175803232021738,1,0,0,1,18,0
18.526281,73.885666,-0.8165176808485942,0.05653338687746896,1.4918062655627091,1,1,0,1,14,0
18.590709,73.83119,1.3812247915000155,0.46232236406236277,-0.4277753309610375,1,1,0,1,4,1
18.514787,73.811605,1.4798414409002734,0.8244957957967353,-0.18782763139556916,0,0,0,0,3,1
18.568985,73.868769,0.9304058228131211,0.04550861485671635,-0.599166544936372,0,0,0,0,7,0
18.587659,73.824658,0.479586854126227,-0.9706078730559815,-1.507539979005645,0,0,0,0,10,0
18.530414,73.829496,-1.3518652061642813,-0.6783547059795398,1.2004412018046404,0,1,0,0,22,1
18.556011,73.817571,0.6768201529267431,1.0365775944064761,0.5320154673008358,1,0,0,1,5,1
18.514199,73.856372,-0.9855747941061795,-0.32536858426246107,0.9604935022391721,0,0,0,0,16,0
18.501443,73.857359,0.9163177300416556,0.6455850217757502,-0.033575538817768084,0,1,0,0,5,1
18.516432,73.873984,-1.2673366495354885,-0.6643319696373545,0.7719631668663042,0,1,0,0,19,0
18.514251,73.837639,0.6768201529267431,-0.3687907126599866,-0.9076707300919742,1,0,0,1,10,0
18.598564,73.827481,0.296441648097176,-0.30796104949285175,-0.6848621519240392,0,1,0,0,1,1
18.519226,73.864479,-1.7463318037653137,-1.136753121579253,1.5432236297553095,0,0,1,0,8,0
18.58419,73.800889,-0.8587819591629906,-0.4062169124146468,0.3606242533255013,0,0,0,0,12,0
18.553986,73.816894,-1.3236890206213503,-0.7983699873633466,0.3263460105304344,1,0,0,1,1,1
18.566693,73.892783,-0.8446938663915251,-0.40708728915312725,0.3263460105304344,0,0,0,0,21,0
18.511728,73.898619,-0.9292224230203179,-0.35060950967839466,0.7034066812761703,1,0,0,1,17,0
18.577021,73.807523,1.620722368614928,3.185150927608761,1.4918062655627091,1,1,0,1,20,0
18.589368,73.875852,0.7613487095555359,0.8529281025870973,0.27492864633783404,1,1,0,1,18,0
18.562124,73.833103,0.7472606167840704,1.1859922678456234,0.6177110742885031,0,0,0,0,14,0
18.501856,73.826756,-1.281424742306954,-0.4975097614285981,1.714614843730644,1,0,0,1,0,1
18.565893,73.805904,-0.04167257841799471,0.62643673352918,0.8747978952515049,0,1,0,0,8,0
18.599259,73.837854,1.1135510288421722,0.225870016775169,-0.5134709379487047,0,0,0,0,6,0
18.50012,73.879589,1.141727214385103,1.972619422378971,0.9776326236367056,0,0,0,0,7,0
18.516476,73.836996,-1.5209223194218668,-1.0236041455767924,-0.3420797239733702,0,1,1,0,18,0
18.506255,73.808604,-0.5347558254192853,-0.002458814286207313,0.6348501956860365,1,0,0,1,12,0
18.537442,73.843007,0.7895248950984668,-0.7700343890994824,-1.3361487650303103,0,1,0,0,5,1
18.562276,73.893578,0.3105297408686415,-0.4443200718547917,-0.8562533658993737,1,0,0,1,21,0
18.538515,73.83731,0.704996338469674,1.569634992462514,1.0461891092268394,1,0,0,1,18,0
18.577468,73.848746,-0.5488439181907508,-0.04897561553166348,0.5662937100959027,0,0,0,0,7,0
18.569274,73.862363,1.7475152035581174,1.854925145631112,0.42918073891563513,0,0,0,0,2,1
18.539946,73.845345,-0.7179010314483362,-0.9189655199061404,-1.1476184296574425,1,1,0,1,17,0
18.51772,73.864774,-0.12620113504678745,0.8641462916608458,1.371832415779975,0,0,0,0,13,0
18.50189,73.82886,-1.2673366495354885,-1.1280493541944485,-1.5760964645957787,1,0,0,0,6,0
18.566917,73.870051,-0.999662886877645,-0.7164578654196848,-0.2735232383832364,1,1,0,1,9,0
18.547558,73.883936,-0.16846541336118384,-0.39016329701600705,-0.5134709379487047,0,1,0,0,10,0
18.537867,73.813326,0.9867581938989829,-0.5893828616015364,-1.1990357938500429,0,0,0,0,17,0
18.574751,73.80924,0.4091463902688997,0.9001218635180385,0.65198931708357,0,1,0,0,3,1
18.566535,73.824659,-1.1968961856781613,-0.5748765826268619,0.8576587738539714,0,0,0,0,10,0
18.571776,73.802189,0.9444939155845865,0.07036270616665855,-0.5820274235388385,0,1,0,0,6,0
18.540444,73.828778,-0.8728700519344561,-0.18030579451571635,1.029049987829306,0,0,0,0,11,0
18.535103,73.81343,-1.056015257963507,-0.41530751390544274,0.9090761380465717,1,1,0,1,21,0
18.525112,73.843821,-1.3941294844786776,-0.8232240786732888,0.5491545886983693,1,0,0,1,7,0
18.589975,73.870035,0.4936749468976925,-0.9075539137793964,-1.4389834934155112,0,1,0,0,0,1
18.544216,73.825648,-0.4502272687904926,0.33785849045965577,1.1318847162145067,0,0,0,0,12,0
18.57747,73.811015,-1.7322437109938482,-1.1450700548580663,-0.8219751231043069,1,1,1,2,8,0
18.549667,73.805595,-1.5209223194218668,-1.1173147077531893,-1.319009643632777,1,1,1,2,22,1
18.545308,73.812594,-1.3236890206213503,-0.5915104491844887,1.5089453869602425,0,1,0,0,9,0
18.591621,73.881107,0.3668821119545033,-0.0599036790259182,-0.4277753309610375,1,1,0,1,21,0
18.520852,73.806357,0.9726701011275175,0.4583573144759518,-0.2392449955881695,0,1,0,0,18,0
18.534369,73.833781,0.6345558746123467,-0.8591996505304815,-1.4047052506204443,1,1,0,0,17,0
18.585435,73.854522,0.5077630396691579,-0.2053533028786543,-0.6677230305265058,0,0,0,0,21,0
18.581221,73.804417,1.620722368614928,2.906630371295011,1.2861368087923077,0,1,0,0,19,0
18.536216,73.855014,0.22600118423984872,-0.21425048731645452,-0.5306100593462382,1,1,0,1,12,0
18.581075,73.8283,0.18373690592545233,0.47305701050362203,0.3777633747230348,1,1,0,1,23,1
18.558396,73.829484,-0.5206677326478198,-0.2530306064420843,0.10353743236249953,0,1,0,0,3,1
18.508856,73.852134,-0.7038129386768707,-0.17595391082331396,0.6005719528909697,0,1,0,0,4,1
18.595537,73.825845,1.21216767824243,-0.5837737670646623,-1.2333140366451096,0,1,0,0,13,0
18.50916,73.876695,1.5784580903005319,0.33466710908522757,-0.599166544936372,0,1,0,0,17,0
18.535906,73.801494,0.296441648097176,-0.6750666160786136,-1.130479308259909,1,0,0,1,10,0
18.549807,73.860952,-0.14028922781825293,-0.3432596616645595,-0.4620535737561044,0,1,0,0,21,0
18.579433,73.809227,-1.2955128350784193,-0.9381138081527107,-0.5477491807437717,0,0,0,0,9,0
18.552539,73.852675,0.4514106685832961,1.2438239666913253,0.994771745034239,1,1,0,1,23,1
18.596286,73.875992,-0.4220510832475618,-0.9989434713198457,-1.4218443720179776,1,1,0,0,17,0
18.511209,73.831914,-0.8024295880771287,-0.7802854929082524,-0.7362795161166397,0,0,0,0,2,1
18.557427,73.883938,0.1978249986969178,-0.24103874915635348,-0.5477491807437717,0,1,0,0,14,0
18.524092,73.81011,-1.0841914435064377,-0.491320415732737,0.7376849240712372,0,0,0,0,5,1
18.54476,73.843769,1.1558153071565682,2.628399940560755,1.526084508357776,1,0,0,1,20,0
18.581955,73.800927,-1.436393762793074,-0.8459505824002789,0.6691284384811035,1,1,0,1,12,0
18.585037,73.804036,1.183991492699499,-0.46791695232026215,-1.130479308259909,0,0,0,0,7,0
18.509524,73.804852,-1.436393762793074,-0.7325114808183245,1.5432236297553095,1,0,0,1,8,0
18.53536,73.863285,0.8740534517272596,2.262841710398958,1.526084508357776,0,1,0,0,18,0
18.524114,73.830102,-0.5065796398763545,-0.6387042101154297,-0.6848621519240392,0,1,0,0,21,0
18.577398,73.808845,-0.5629320109622162,0.2834115900413776,1.2861368087923077,1,0,0,1,4,1
18.515048,73.805513,0.6204677818408812,-1.0080340728106418,-1.5589573431982453,0,1,0,0,22,1
18.533289,73.818583,-1.380041391707212,-0.9514595848094112,-0.37635796676843714,0,0,0,0,16,0
18.580896,73.86947,0.15556072038252172,0.5809837260752001,0.5491545886983693,1,0,0,1,1,1
18.589369,73.872314,0.9163177300416556,-0.43851756026492195,-1.0447837012722418,0,1,0,0,10,0
18.592656,73.860453,0.04285597821079805,0.8625989552368802,1.0804673520219064,1,1,0,1,23,1
18.506906,73.800506,1.4798414409002734,0.31290769062321583,-0.5820274235388385,1,0,0,1,23,1
18.515349,73.899473,-1.2532485567640232,-0.5876421081245755,1.0804673520219064,0,1,0,0,17,0
18.515568,73.833333,-1.689979432679452,-1.08743177306536,0.6862675598786369,0,0,1,0,6,0
18.50634,73.85177,1.014934379441914,-0.9074572052528986,-1.4904008576081116,0,0,0,0,4,1
18.546921,73.869175,1.3248724204141535,2.65712237293061,1.371832415779975,1,0,0,1,16,0
18.591288,73.83782,-0.464315361561958,-0.0963627935156,0.3263460105304344,0,1,0,0,2,1
18.587217,73.846546,0.6627320601552776,-0.7060133445579192,-1.2504531580426432,0,0,0,0,23,1
18.571454,73.881239,0.7331725240126049,2.0287103677477125,1.4746671441651757,0,1,0,0,5,1
18.541405,73.804054,1.4798414409002734,1.1136542900252464,0.03498094677236572,0,0,0,0,19,0
18.536528,73.837127,1.6348104613863939,1.921363903335121,0.5491545886983693,1,0,0,1,19,0
18.530736,73.856092,-1.436393762793074,-0.8326048057435783,0.7719631668663042,0,0,0,0,20,0
18.508377,73.877294,1.6629866469293246,1.8998946104526027,0.5148763459033023,1,1,0,1,7,0
18.536016,73.8761,0.28235355532571055,-0.35583177010927736,-0.7362795161166397,0,1,0,0,9,0
18.593521,73.87075,1.6066342758434629,2.311872933333358,0.8576587738539714,0,0,0,0,18,0
18.566799,73.871972,1.4094009770429463,1.7606343322957279,0.5834328314934362,1,0,0,1,13,0
18.586484,73.89648,1.0994629360707062,-0.899913940186068,-1.4904008576081116,0,0,0,0,11,0
18.597713,73.820511,-0.7038129386768707,-0.8867615805823631,-1.0790619440673086,0,1,0,0,20,0
18.596791,73.880931,0.4091463902688997,0.7065113934693831,0.42918073891563513,0,1,0,0,19,0
18.533671,73.808105,1.2544319565568267,2.487302200400421,1.3032759301898411,0,0,0,0,21,0
18.581498,73.868715,-0.7038129386768707,-0.7416987908356184,-0.7362795161166397,0,0,0,0,4,1
18.546578,73.835183,-0.8165176808485942,-0.4553448438755443,0.13781567515756643,1,1,0,1,17,0
18.520225,73.862019,-0.2811701555329072,0.41880352713833935,0.9433543808416387,0,1,0,0,5,1
18.598002,73.854723,0.0005916998964016713,-0.7199393723736066,-1.0962010654648422,1,1,0,1,9,0
18.519908,73.878065,-1.2955128350784193,-1.1359794533672705,-1.6103747073908456,1,0,0,0,2,1
18.592479,73.828943,-1.6336270615935902,-0.9906265380410323,1.526084508357776,1,1,1,2,15,0
18.563448,73.899132,-0.013496392875063788,-0.7713883084704521,-1.164757551054976,1,0,0,1,21,0
18.532158,73.859373,1.183991492699499,2.6245315995008416,1.4918062655627091,0,0,0,0,19,0
18.55329,73.850854,0.6204677818408812,0.7570899528277479,0.2920677677353675,0,0,0,0,0,1
18.530495,73.816186,1.7052509252437207,0.8670475474557805,-0.25638411698570296,1,0,0,1,6,0
18.51417,73.813141,0.5359392252120885,-0.7610404961351843,-1.28473140083771,1,1,0,0,12,0
18.541655,73.882686,-1.6054508760506592,-0.9796017660202798,1.114745594816973,0,0,1,0,12,0
18.551742,73.812328,0.18373690592545233,1.100308513368546,1.183302080407107,1,0,0,1,2,1
18.546321,73.887889,-0.5206677326478198,-0.09984430046952186,0.41204161751810164,0,0,0,0,9,0
18.530836,73.800215,0.4373225758118306,-0.2197628733268309,-0.6505839091289723,0,0,0,0,13,0
18.548158,73.88721,0.9726701011275175,1.490237292207796,0.7034066812761703,0,1,0,0,12,0
18.515919,73.835533,-0.19664159890411445,-0.09239774392918901,-0.016436417420234634,1,0,0,1,16,0
18.591343,73.808334,-1.2673366495354885,-0.5018616451210005,1.5946409939479098,0,1,0,0,1,1
18.515208,73.888075,1.3812247915000155,2.7914505162360954,1.4232497799725754,1,1,0,1,2,1
18.559122,73.895763,-0.08393685673239108,0.3064282193478611,0.46345898171070204,0,1,0,0,13,0
18.566908,73.800452,0.6486439673838122,-0.014063837465946917,-0.5306100593462382,1,1,0,1,10,0
18.50798,73.866826,1.620722368614928,-0.8998172316595702,-1.5246791004031783,0,0,0,0,8,0
18.534624,73.881608,1.014934379441914,-0.39306455281094194,-1.0276445798747083,0,1,0,0,2,1
18.515822,73.885397,1.7475152035581174,2.023488107316829,0.5491545886983693,0,0,0,0,10,0
18.505268,73.850684,-0.2529939699899763,-0.5653024385035768,-0.7362795161166397,0,1,0,0,23,1
18.524733,73.816386,0.6204677818408812,1.8194331164064081,1.4061106585750418,1,1,0,1,18,0
18.575276,73.839401,0.5922915962979504,1.7034795931355102,1.3204150515873747,1,0,0,1,18,0
18.59195,73.882833,-0.40796299047609635,-0.39383822102292454,-0.3078014811783033,1,1,0,1,22,1
18.597944,73.892422,0.09920834929665989,-0.044527023312763224,-0.22210587419063607,1,0,0,1,21,0
18.591339,73.871393,-1.661803247136521,-1.0887856924363295,-0.033575538817768084,1,1,1,2,9,0
18.508374,73.869692,-0.7038129386768707,-0.8577490226330141,-1.0105054584771749,0,0,0,0,2,1
18.504805,73.8199,-1.3941294844786776,-0.9766038016988471,-0.4963318165511713,1,0,0,1,13,0
18.595776,73.819525,-0.3516106193902345,0.18912077670599356,0.6691284384811035,0,1,0,0,17,0
18.577252,73.86481,-0.16846541336118384,-0.9693506622115098,-1.4218443720179776,1,0,0,0,7,0
18.590749,73.898807,-0.5629320109622162,-0.9825030218152145,-1.353287886427844,0,0,0,0,20,0
18.513112,73.839523,-1.689979432679452,-1.110641819424839,-0.1364102672029688,1,1,1,2,11,0
18.534293,73.833329,1.5080176264432044,1.8737833082981887,0.6005719528909697,0,0,0,0,15,0
18.590396,73.803524,0.6909082456982085,-1.0541640399501064,-1.6103747073908456,0,1,0,0,11,0
18.510101,73.846818,-0.04167257841799471,-0.7421823334681075,-1.1133401868623756,0,1,0,0,8,0
18.583785,73.853552,0.5359392252120885,0.0586609744604212,-0.39349708816597057,0,1,0,0,1,1
18.549281,73.854038,1.2685200493282918,0.05082758381409696,-0.7191403947191062,1,1,0,1,1,1
18.535464,73.890326,-0.1543773205897184,-0.36134415611965376,-0.4791926951536378,1,0,0,1,8,0
18.536557,73.880017,0.9304058228131211,1.726399513915496,0.9604935022391721,1,0,0,1,11,0
18.53281,73.872929,0.02876788543933259,0.39240209940443194,0.44631986031316856,0,1,0,0,21,0
18.540806,73.852765,1.4798414409002734,0.31290769062321583,-0.5820274235388385,0,1,0,0,0,1
18.578138,73.842347,0.38097020472596876,-0.05265053953858096,-0.4277753309610375,1,0,0,1,22,1
18.50512,73.807699,-1.4786580411074703,-0.8611338210604382,0.8919370166490384,1,0,0,1,10,0
18.594519,73.869337,-0.09802494950385655,-0.19655282696735168,-0.2735232383832364,1,0,0,1,0,1
18.564838,73.80562,-0.19664159890411445,0.9595976073142035,1.6631974795380438,1,1,0,1,23,1
18.589122,73.846611,0.42323448304036515,0.9434472833890661,0.6862675598786369,1,0,0,1,8,0
18.522948,73.838517,-1.6758913399079864,-1.1255349325055048,-0.8391142445018404,0,0,1,0,11,0
18.578146,73.84511,0.3668821119545033,-0.35196342904936423,-0.7705577589117065,0,0,0,0,10,0
18.526214,73.853585,-0.22481778444704537,0.12036101436603644,0.3606242533255013,1,1,0,1,22,1
18.548992,73.861792,0.6909082456982085,1.1670373966520486,0.65198931708357,0,0,0,0,5,1
18.570582,73.844351,-1.6336270615935902,-1.0994236303510907,-0.6163056663339055,0,0,1,0,14,0
18.527598,73.865161,1.014934379441914,-0.5835803500116666,-1.1990357938500429,0,1,0,0,23,1
18.538098,73.83282,0.25417736978277966,-0.8923706751192372,-1.387566129222911,0,0,0,0,0,1
18.524634,73.849147,-0.7179010314483362,0.12587340037641295,1.3546932943824415,0,0,0,0,19,0
18.585533,73.874956,-0.8728700519344561,-0.07673096263654054,1.3204150515873747,0,0,0,0,10,0
18.570006,73.861451,1.0853748432992412,-0.8621009063254165,-1.4561226148130446,0,0,0,0,0,1
18.584557,73.820996,-0.09802494950385655,0.4082622977500759,0.6348501956860365,0,1,0,0,23,1
18.536849,73.815895,-1.3377771133928158,-0.8272858367861978,0.2235112821452337,1,1,0,1,11,0
18.545969,73.836257,-1.4927461338789358,-0.8611338210604382,1.029049987829306,1,0,1,1,20,0
18.553901,73.845054,-0.08393685673239108,0.6746942882515972,1.0119108664317724,1,0,0,1,16,0
18.593365,73.801808,1.4516652553573424,1.5569661754912982,0.3949024961205682,1,0,0,1,3,1
18.586759,73.844032,-1.056015257963507,-0.5700411563019705,0.3606242533255013,1,0,0,1,12,0
18.507524,73.853505,0.6063796890694159,-0.9276692872909451,-1.473261736210578,0,0,0,0,14,0
18.584609,73.827075,-0.9573986085632488,-0.30622029601589074,0.9262152594441052,0,1,0,0,22,1
18.52697,73.824913,0.3950582974974342,-0.5928643685554583,-1.0619228226697752,1,0,0,1,17,0
18.578233,73.892122,0.9163177300416556,-0.12614901967693157,-0.753418637514173,1,0,0,1,22,1
18.581196,73.842884,-0.9714867013347142,-0.5052464435484244,0.34348513192796787,0,0,0,0,3,1
18.512351,73.824629,1.4375771625858773,-0.7599767023437082,-1.4047052506204443,0,1,0,0,2,1
18.585641,73.825347,0.05694407098226351,0.7910346456284864,0.9604935022391721,0,0,0,0,19,0
18.562457,73.89592,-1.3096009278498848,-0.8982698952356049,-0.2906623597807699,1,1,0,1,16,0
18.57667,73.800147,-1.7322437109938482,-1.1313374440953747,0.3949024961205682,0,1,1,0,17,0
18.517972,73.860686,0.09920834929665989,1.180963424467736,1.4232497799725754,1,1,0,1,23,1
18.590305,73.860737,-0.36569871216169997,-0.025378735066193023,0.30920688913290095,0,0,0,0,2,1
18.500545,73.860869,-0.4784034543334235,-1.1111253620573283,-1.627513828788379,0,1,0,0,22,1
18.540465,73.823396,0.32461783364010693,1.3782488185233086,1.3204150515873747,0,1,0,0,16,0
18.553265,73.801624,0.8881415444987247,1.4993278936985919,0.7891022882638377,0,1,0,0,5,1
18.502536,73.857188,-0.22481778444704537,-0.11154603217575935,-0.016436417420234634,1,0,0,1,11,0
18.597617,73.883165,-0.21072969167557992,-0.33600652217722227,-0.39349708816597057,1,0,0,1,3,1
18.587815,73.85922,1.2685200493282918,1.5062909076064352,0.4805981031082355,0,0,0,0,4,1
18.593456,73.888497,-1.0701033507349724,-0.27846494891101353,1.4575280227676422,1,0,0,1,15,0
18.546115,73.851124,-0.5206677326478198,-0.4487686640736918,-0.2906623597807699,1,0,0,1,3,1
18.591659,73.894378,-0.8024295880771287,0.054889341927005834,1.4403889013701088,1,0,0,1,13,0
18.542305,73.800925,0.07103216375372898,1.20842864599312,1.5089453869602425,1,0,0,1,9,0
18.516328,73.853456,-0.05576067118946017,1.138411672808691,1.6460583581405102,0,0,0,0,12,0
18.51993,73.893858,-0.26708206276144175,-0.6528236549841128,-0.8733924872969072,1,0,0,1,0,1
18.504822,73.801409,0.9163177300416556,-0.6038891405762109,-1.1990357938500429,1,0,0,0,15,0
18.58149,73.807977,0.9022296372701901,2.1897300643665987,1.4232497799725754,1,1,0,1,15,0
18.514145,73.819018,-0.08393685673239108,-0.683286840830929,-1.0105054584771749,1,0,0,1,12,0
18.598532,73.836618,0.1696488131539872,0.7262399328749403,0.7205458026737038,1,0,0,1,10,0
18.588898,73.8404,-0.06984876396092563,0.7016759671444915,1.029049987829306,1,1,0,1,4,1
18.591627,73.836869,1.3389605131856195,-0.11260982596723547,-0.8733924872969072,1,0,0,1,0,1
18.513927,73.85846,-1.5068342266504013,-0.9462373243785284,0.34348513192796787,0,0,1,0,10,0
18.55751,73.812348,-0.8306057736200597,-0.44025831374188285,0.20637216074770023,0,1,0,0,19,0
18.531876,73.888971,0.6909082456982085,-0.2296271430296095,-0.7705577589117065,1,1,0,1,21,0
18.500778,73.886473,0.958582008356052,-1.1177982503856785,-1.6789311929809794,1,1,0,0,17,0
18.571547,73.841959,-0.6333724748195434,-0.29635602631311214,0.18923303935016678,1,0,0,1,19,0
18.586472,73.835661,-1.7463318037653137,-1.1365597045262574,1.5775018725503764,0,0,1,0,17,0
18.595707,73.831207,-1.1687200001352305,-0.41588776506442976,1.4061106585750418,1,0,0,1,18,0
18.506016,73.807889,0.8881415444987247,2.0811263891095355,1.337554172984908,0,0,0,0,13,0
18.548616,73.81195,-0.6192843820480779,-0.35612189568877084,0.03498094677236572,1,1,0,1,8,0
18.595929,73.878142,-0.5347558254192853,-0.7849275021801483,-0.9590880942845745,1,0,0,1,15,0
18.502888,73.846191,-0.5770201037336817,-0.3671466677095235,-0.05071466021530154,1,0,0,1,9,0
18.551013,73.831056,-1.4786580411074703,-0.9520398359683983,0.08639831096496607,0,1,0,0,14,0
18.514834,73.813295,-1.718155618222383,-1.1281460627209463,-0.11927114580543535,1,1,1,2,18,0
18.563894,73.866017,-0.11211304227532201,-0.6346424520025207,-0.9248098514895076,0,1,0,0,23,1
18.594205,73.803183,1.2262557710138957,-0.5400615130876432,-1.1990357938500429,1,1,0,0,21,0
18.575315,73.879474,-0.5206677326478198,-0.7551412760188168,-0.9076707300919742,0,1,0,0,8,0
18.50651,73.897561,1.6348104613863939,-0.782219663438209,-1.4389834934155112,0,1,0,0,4,1
18.588226,73.868746,0.5782035035264849,0.7713061062229289,0.34348513192796787,0,1,0,0,3,1
18.519081,73.839621,-0.7319891242198017,-0.38561799627060905,0.1549547965550999,0,1,0,0,14,0
18.554738,73.851532,-1.2109842784496267,-0.48377715066590626,1.337554172984908,0,1,0,0,20,0
18.597443,73.82313,1.6911628324722556,2.8017016200448657,1.14902383761204,1,1,0,1,12,0
18.599124,73.859325,-0.36569871216169997,0.6448113535637677,1.5089453869602425,0,0,0,0,17,0
18.525293,73.855,-1.0419271651920414,-0.17856504103875534,1.6803366009355771,0,1,0,0,0,1
18.548206,73.889545,0.04285597821079805,0.15701354590871414,0.10353743236249953,0,0,0,0,5,1
18.547827,73.815381,0.42323448304036515,1.5730197908899382,1.4061106585750418,0,0,0,0,6,0
18.551814,73.871356,-0.8306057736200597,-0.15941675279218515,0.9604935022391721,1,1,0,1,5,1
18.536188,73.879919,-0.08393685673239108,0.858827322703465,1.2861368087923077,1,0,0,1,23,1
18.502637,73.874779,-0.04167257841799471,0.5792429725982391,0.806241409661371,0,1,0,0,11,0
18.508689,73.809868,0.3387059264115724,0.9918982551644787,0.840519652456438,0,1,0,0,21,0
18.565842,73.878794,-1.3659532989357466,-0.8274792538391933,0.3606242533255013,0,0,0,0,10,0
18.530486,73.813768,-1.408217577250143,-0.6715851091246917,1.714614843730644,0,0,0,0,10,0
18.597409,73.832876,0.18373690592545233,0.13941259408610918,-0.05071466021530154,1,0,0,1,0,1
18.531892,73.841839,-1.1546319073637652,-0.9596798095617268,-0.9076707300919742,1,1,0,1,2,1
18.506284,73.804507,1.6911628324722556,1.7354901154062918,0.3777633747230348,1,1,0,1,13,0
18.595223,73.81293,0.9726701011275175,1.0774853011150582,0.3263460105304344,1,0,0,1,17,0
18.569849,73.804617,0.14147262761105628,1.0904442436657673,1.2347194445997074,0,1,0,0,14,0
18.575897,73.860998,-0.6615486603624743,-0.7100751026708281,-0.7020012733215727,1,0,0,1,17,0
18.543283,73.885359,0.5641154107550195,1.3979773579288661,1.029049987829306,0,0,0,0,8,0
18.53069,73.889896,1.52210571921467,1.0756478391115993,-0.016436417420234634,0,0,0,0,18,0
18.59769,73.82402,0.7754368023270013,1.699707960602095,1.0976064734194397,0,0,0,0,20,0
18.538234,73.896586,1.6911628324722556,2.730620853068961,1.0976064734194397,1,0,0,1,14,0
18.588713,73.85507,-0.6051962892766126,-0.7189722871086283,-0.7705577589117065,0,0,0,0,11,0
18.552087,73.873845,1.493929533671739,-0.10516326942690261,-0.9076707300919742,1,0,0,1,4,1
18.508018,73.879771,1.3389605131856195,-0.19771332928532567,-0.941948972887041,0,1,0,0,18,0
18.577435,73.804105,-0.1543773205897184,0.13477058481421317,0.2920677677353675,1,1,0,1,5,1
18.502149,73.896321,0.5218511324406234,1.0382216393569395,0.6862675598786369,0,1,0,0,13,0
18.520434,73.866537,1.0712867505277754,1.216358745165942,0.3777633747230348,0,0,0,0,13,0
18.509961,73.892419,-1.056015257963507,-0.2944218557831555,1.337554172984908,1,0,0,1,8,0
18.593197,73.878843,0.1696488131539872,0.15653000327622488,-0.016436417420234634,0,0,0,0,13,0
18.577203,73.896406,-1.3518652061642813,-0.9728321691654316,-0.599166544936372,0,1,0,0,5,1
18.514038,73.865936,0.7190844312411395,0.8533149366930888,0.30920688913290095,1,1,0,1,13,0
18.530567,73.822389,0.9304058228131211,1.042960357155333,0.3263460105304344,1,0,0,1,1,1
18.549103,73.820334,0.6909082456982085,-0.41472726274645577,-0.9590880942845745,1,1,0,1,15,0
18.512322,73.877059,-0.182553506132649,0.837841572453436,1.4403889013701088,1,0,0,1,15,0
18.580164,73.836421,-0.6192843820480779,-0.9514595848094112,-1.2675922794401766,0,1,0,0,8,0
18.547863,73.834664,-0.19664159890411445,0.6804967998414668,1.2175803232021738,0,1,0,0,10,0
18.520901,73.803823,0.9867581938989829,-0.8533971389406118,-1.4389834934155112,1,1,0,0,5,1
18.547733,73.866329,1.1276391216136372,-0.837923774700959,-1.4389834934155112,1,1,0,0,16,0
18.526396,73.863229,0.8177010806413977,0.6677312743437533,0.05212006816989917,1,1,0,1,2,1
18.559371,73.8892,0.2682654625542451,0.9755545141863455,0.9090761380465717,1,1,0,1,2,1
18.559449,73.843203,-0.8446938663915251,0.039222560634357355,1.5432236297553095,0,1,0,0,7,0
18.537945,73.876672,-1.1405438145922997,-0.7466309256870077,-0.06785378161283499,0,0,0,0,16,0
18.550086,73.813245,-0.9573986085632488,-0.7637483348771236,-0.4963318165511713,1,1,0,1,5,1
18.541325,73.878422,-1.5490985049647976,-1.0477812772012498,-0.4449144523585709,0,1,1,0,0,1
18.535142,73.842515,-0.6051962892766126,-0.10042455162850887,0.5662937100959027,0,1,0,0,4,1
18.592482,73.830108,1.4657533481288083,0.7051574740984136,-0.2735232383832364,0,1,0,0,22,1
18.563671,73.837784,-1.281424742306954,-0.8690639202332603,-0.22210587419063607,0,0,0,0,3,1
18.549772,73.855248,-0.6333724748195434,-0.7837669998621745,-0.8905316086944407,1,0,0,1,9,0
18.543683,73.821041,-0.6615486603624743,0.23283303068301273,1.4403889013701088,1,1,0,1,19,0
18.544747,73.876997,-1.6477151543650557,-1.0468141919362715,0.6862675598786369,1,1,1,2,0,1
18.564444,73.802513,0.9304058228131211,1.652514199671154,0.8919370166490384,0,0,0,0,1,1
18.537211,73.812147,1.1276391216136372,0.7282708119313948,-0.08499290301036844,0,0,0,0,20,0
18.578101,73.827333,-0.5629320109622162,-1.0071636960721613,-1.4047052506204443,1,1,0,0,10,0
18.592858,73.808772,-0.9714867013347142,-0.18572147199959482,1.3546932943824415,1,1,0,1,6,0
18.56308,73.885793,0.3387059264115724,1.539461932195191,1.4918062655627091,0,0,0,0,11,0
18.58758,73.883803,-1.2673366495354885,-0.6914103570567468,0.6348501956860365,1,1,0,1,9,0
18.571502,73.844026,-0.36569871216169997,-0.3987703558743139,-0.35921884537090365,1,1,0,1,0,1
18.556626,73.82278,-0.3234344338473036,-0.602728638258237,-0.753418637514173,0,0,0,0,4,1
18.547079,73.809894,-1.0137509796491104,-0.20690063930261954,1.4575280227676422,1,1,0,1,10,0
18.581936,73.858933,-0.5488439181907508,0.18389851627511083,1.0461891092268394,1,1,0,1,19,0
18.580667,73.833435,-1.4645699483360048,-0.8586193993714947,0.7891022882638377,0,0,0,0,4,1
18.551887,73.818703,-0.30934634107583814,-0.10922502753981135,0.08639831096496607,1,0,0,1,9,0
18.598815,73.815039,1.5925461830719971,-1.01702796577494,-1.6103747073908456,1,1,0,0,19,0
18.56182,73.818713,1.0571986577563102,2.48111285470456,1.5089453869602425,1,1,0,1,15,0
18.533437,73.883071,0.0005916998964016713,0.07790597123348929,0.03498094677236572,1,1,0,1,8,0
18.599653,73.836323,-0.19664159890411445,0.3047841743973981,0.6177110742885031,1,0,0,1,7,0
18.523335,73.89437,-0.4502272687904926,-0.20177508739823455,0.10353743236249953,0,0,0,0,18,0
18.505016,73.86908,1.0008462866704484,1.6312383238416317,0.806241409661371,0,1,0,0,0,1
18.570292,73.835554,-1.2250723712210922,-0.6112389885900459,0.8233805310589045,0,0,0,0,18,0
18.541327,73.825505,1.6629866469293246,-0.027119488543153887,-0.8905316086944407,0,0,0,0,8,0
18.596521,73.88539,-1.4927461338789358,-1.1128661155342892,-1.319009643632777,0,1,1,0,2,1
18.594488,73.823637,-1.2673366495354885,-0.8234174957262846,-0.033575538817768084,1,1,0,1,10,0
18.550282,73.845751,-0.3516106193902345,-0.8456604568207854,-1.164757551054976,1,0,0,1,6,0
18.584722,73.862656,1.0994629360707062,1.67185590497072,0.7548240454687707,1,0,0,1,4,1
18.540541,73.863373,-0.6192843820480779,-1.0297934912726534,-1.4389834934155112,0,1,0,0,4,1
18.55389,73.844578,1.0431105649848447,2.636136622680581,1.6631974795380438,0,0,0,0,10,0
18.516117,73.881701,0.5641154107550195,-0.03814426056390649,-0.5134709379487047,0,1,0,0,4,1
18.507625,73.839312,-1.6054508760506592,-1.1381070409502227,-1.4389834934155112,1,1,1,2,16,0
18.540155,73.806834,0.14147262761105628,1.1818338012062166,1.3546932943824415,1,0,0,1,3,1
18.513675,73.851406,-1.661803247136521,-1.1206027976541157,-0.8391142445018404,1,1,1,2,17,0
18.595513,73.867979,1.014934379441914,-0.012032958409492416,-0.6848621519240392,0,0,0,0,13,0
18.516094,73.829652,-0.6897248459054053,-0.8537839730466031,-1.0105054584771749,0,0,0,0,10,0
18.540171,73.855582,-1.2673366495354885,-0.8471110847182528,-0.15354938860050224,0,1,0,0,3,1
18.521176,73.875073,0.7331725240126049,0.31696944873612454,-0.2392449955881695,0,1,0,0,21,0
18.548982,73.813534,-1.5068342266504013,-0.9149037617932315,0.65198931708357,1,1,1,2,18,0
18.540234,73.873669,1.4375771625858773,0.20594806031661603,-0.6505839091289723,0,1,0,0,10,0
18.533944,73.819177,1.3248724204141535,1.725239011597522,0.6177110742885031,1,1,0,1,12,0
18.530749,73.850667,0.02876788543933259,0.9082453797438562,1.1661629590095735,0,1,0,0,8,0
18.565753,73.865705,1.52210571921467,3.3289565065110343,1.6974757223331105,1,0,0,1,14,0
18.533644,73.877908,0.02876788543933259,0.9082453797438562,1.1661629590095735,0,1,0,0,19,0
18.506716,73.800447,-1.718155618222383,-1.0991335047715973,1.5946409939479098,0,1,1,0,14,0
18.536384,73.816395,0.25417736978277966,1.2650031339943502,1.2861368087923077,0,1,0,0,12,0
18.528928,73.817626,1.0008462866704484,0.4939460522271532,-0.22210587419063607,1,1,0,1,19,0
18.5372,73.870893,-1.2250723712210922,-1.059579717433985,-1.2675922794401766,0,1,0,0,23,1
18.544711,73.812622,-0.999662886877645,-1.040238012134419,-1.3361487650303103,0,1,0,0,21,0
18.577365,73.847526,1.183991492699499,-0.4881290343583086,-1.1476184296574425,1,0,0,1,20,0
18.507643,73.823827,1.0008462866704484,1.4227347407123105,0.6177110742885031,0,0,0,0,5,1
18.587904,73.819788,-1.5490985049647976,-0.8780578131975585,1.5603627511528428,1,0,1,1,4,1
18.508246,73.832661,-0.8165176808485942,-0.7210031661650828,-0.5648883021413051,1,0,0,1,19,0
18.522274,73.829062,-1.1687200001352305,-0.44838182996770054,1.2689976873947744,1,1,0,1,14,0
18.541074,73.84506,-1.4927461338789358,-1.088979109489325,-1.0962010654648422,0,0,1,0,20,0
18.562383,73.822371,-1.1687200001352305,-0.7733224790004086,-0.1021320244079019,1,1,0,1,1,1
18.599703,73.827945,-0.6756367531339398,-1.0359828369685145,-1.4389834934155112,0,1,0,0,3,1
18.551441,73.860446,0.5218511324406234,0.8032199199672129,0.42918073891563513,0,0,0,0,2,1
18.513351,73.818251,0.32461783364010693,-0.9690605366320163,-1.4904008576081116,0,1,0,0,6,0
18.59194,73.813391,-0.4361391760190273,-0.06425556271832057,0.34348513192796787,0,0,0,0,9,0
18.56924,73.825883,1.3671366987285503,0.5624156889876166,-0.3420797239733702,0,0,0,0,4,1
18.529724,73.803099,-0.6333724748195434,-1.0854976025354033,-1.5589573431982453,1,0,0,0,19,0
18.52004,73.890088,-0.3234344338473036,-0.0700580743081903,0.17209391795263335,0,0,0,0,5,1
18.519668,73.851265,1.5925461830719971,1.998150473374398,0.6348501956860365,1,0,0,1,13,0
18.560388,73.835356,1.2544319565568267,0.8109566020870393,-0.08499290301036844,0,1,0,0,17,0
18.556278,73.876207,1.0290224722133794,-1.040238012134419,-1.6103747073908456,0,0,0,0,6,0
18.566559,73.830763,-0.5065796398763545,-1.1034853884639997,-1.6103747073908456,1,0,0,0,16,0
18.505759,73.879013,1.648898554157859,2.7298471848569785,1.1318847162145067,0,1,0,0,7,0
18.599381,73.828343,0.14147262761105628,-0.8548477668380793,-1.319009643632777,0,1,0,0,12,0
18.561912,73.813547,0.21191309146838325,1.187152770163597,1.2518585659972408,0,0,0,0,0,1
18.509317,73.862102,-1.6054508760506592,-0.9551345088163289,1.5089453869602425,1,0,1,1,6,0
18.540385,73.832469,0.8458772661843287,-0.04588094268373285,-0.6505839091289723,0,1,0,0,20,0
18.532258,73.876839,-0.09802494950385655,-0.8127795578115233,-1.1990357938500429,1,0,0,0,11,0
18.552338,73.897226,0.4936749468976925,-0.9230272780190493,-1.4561226148130446,0,0,0,0,14,0
18.544011,73.85081,1.0712867505277754,-0.7080442236143736,-1.319009643632777,0,0,0,0,11,0
18.557432,73.893872,1.6911628324722556,1.4274734585107043,0.1549547965550999,0,0,0,0,2,1
18.548368,73.84666,0.9444939155845865,0.5716997075314083,-0.11927114580543535,1,0,0,1,18,0
18.502712,73.877488,1.3107843276426885,-0.14316972034054967,-0.8905316086944407,1,0,0,1,16,0
18.57282,73.824565,1.3953128842714813,2.787485466649685,1.4061106585750418,0,1,0,0,6,0
18.576815,73.8003,1.5643699975290661,0.05450250782101445,-0.8048360017067734,0,1,0,0,17,0
18.51817,73.820178,0.3527940191830379,0.2664875979042574,-0.033575538817768084,1,0,0,1,18,0
18.501376,73.865576,-0.8446938663915251,-0.41965939759784515,0.2920677677353675,0,0,0,0,0,1
18.559182,73.837971,-1.4786580411074703,-0.9385006422587021,0.20637216074770023,0,0,0,0,12,0
18.534763,73.831121,-1.2109842784496267,-0.5252651085334753,1.14902383761204,0,1,0,0,16,0
18.505139,73.806661,1.3389605131856195,-0.5594032183872092,-1.2333140366451096,1,0,0,0,4,1
18.584654,73.823888,1.2262557710138957,2.104723269575006,1.0119108664317724,0,0,0,0,4,1
18.57601,73.832322,1.169903399928034,0.4541021393100473,-0.3420797239733702,1,0,0,1,17,0
18.561805,73.877589,1.1558153071565682,1.1069814016968962,0.2235112821452337,0,0,0,0,6,0
18.580035,73.821891,-1.7604198965367792,-1.1551277416138408,1.1661629590095735,0,0,1,0,14,0
18.519654,73.884229,-0.337522526618769,0.7788493712897596,1.6803366009355771,1,1,0,1,0,1
18.570496,73.817128,0.7754368023270013,1.734523030141314,1.1318847162145067,1,1,0,1,22,1
18.578544,73.891668,0.5359392252120885,0.9414164043326116,0.5662937100959027,0,0,0,0,6,0
18.539555,73.875831,-0.901046237477387,-0.05787279996946383,1.4746671441651757,0,1,0,0,18,0
18.503844,73.812173,-1.3518652061642813,-1.0289231145341728,-0.941948972887041,0,1,0,0,17,0
18.545651,73.833192,-0.05576067118946017,1.0330960874525543,1.4918062655627091,0,1,0,0,7,0
18.542673,73.887976,0.22600118423984872,0.27664199318652966,0.08639831096496607,0,0,0,0,13,0
18.572908,73.8038,-1.0419271651920414,-0.3413254911346029,1.114745594816973,1,0,0,1,22,1
18.514541,73.810317,-0.5629320109622162,-1.1058063930999478,-1.6103747073908456,1,0,0,0,10,0
18.509199,73.859791,0.9444939155845865,-0.35670214684775786,-0.9762272156821079,1,0,0,1,0,1
18.554106,73.833203,0.0005916998964016713,0.8273970515916703,1.0976064734194397,0,1,0,0,0,1
18.515265,73.811321,-0.09802494950385655,0.8989613612000644,1.371832415779975,0,0,0,0,7,0
18.516309,73.806827,-0.2811701555329072,-0.21076898036253264,-0.11927114580543535,1,0,0,1,9,0
18.557694,73.840901,0.6204677818408812,1.884808080318941,1.4746671441651757,1,0,0,1,14,0
18.507211,73.861927,1.0008462866704484,0.3043973402914066,-0.39349708816597057,1,1,0,1,16,0
18.572538,73.89718,1.4375771625858773,0.5132877575267192,-0.41063620956350405,0,0,0,0,0,1
18.520144,73.88494,0.3668821119545033,-0.27894849154350276,-0.6848621519240392,0,0,0,0,3,1
18.552589,73.870801,0.21191309146838325,1.0653000267763315,1.0976064734194397,1,0,0,1,8,0
18.529389,73.816555,0.8177010806413977,1.7118932349408214,1.0633282306243728,0,1,0,0,2,1
18.52913,73.868235,-0.23890587721851084,-0.016674967681388285,0.1549547965550999,0,1,0,0,4,1
18.543318,73.853878,0.3527940191830379,0.41155038765100216,0.13781567515756643,0,1,0,0,9,0
18.528037,73.865321,-0.21072969167557992,-0.6019549700462543,-0.8219751231043069,1,1,0,1,18,0
18.510504,73.83383,0.7754368023270013,-1.0158674634569658,-1.5760964645957787,0,0,0,0,21,0
18.595738,73.874112,-0.464315361561958,-0.692474150848223,-0.8219751231043069,0,0,0,0,15,0
18.570915,73.8574,-0.19664159890411445,-0.4788450158145169,-0.6334447877314389,1,1,0,1,17,0
18.581094,73.873539,-1.3236890206213503,-0.924284488863521,-0.39349708816597057,0,0,0,0,0,1
18.583174,73.852297,-0.4220510832475618,-0.5120160404032725,-0.5134709379487047,1,0,0,1,3,1
18.508964,73.878411,-1.718155618222383,-1.1377202068442316,-0.6848621519240392,1,1,1,2,5,1
18.521728,73.89676,0.02876788543933259,1.1416030541831195,1.4918062655627091,0,0,0,0,15,0
18.516049,73.802797,1.5080176264432044,-1.0653822290238548,-1.6446529501859126,1,0,0,0,7,0
18.568943,73.857989,-0.36569871216169997,-0.13069432042232956,0.12067655376003299,0,1,0,0,17,0
18.594976,73.863956,0.3668821119545033,-0.32275745404701967,-0.7362795161166397,0,0,0,0,6,0
18.533541,73.827186,1.0571986577563102,1.069168367836245,0.2577895249403006,0,1,0,0,19,0
18.533998,73.836634,0.5359392252120885,1.934516262938826,1.6460583581405102,0,1,0,0,2,1
18.590113,73.843167,-0.6615486603624743,0.29317915121765836,1.5775018725503764,1,1,0,1,5,1
18.581558,73.869264,-0.5065796398763545,-0.1739230317668596,0.24065040354276715,1,0,0,1,10,0
18.572038,73.862904,0.3387059264115724,1.2800896641280115,1.183302080407107,0,1,0,0,2,1
18.574433,73.851934,-0.02758448564652925,-1.0480714027807432,-1.5589573431982453,1,1,0,0,19,0
18.536336,73.868331,0.5359392252120885,0.6576735875879789,0.2577895249403006,1,0,0,1,21,0
18.590909,73.801285,1.2544319565568267,-0.5342590014977734,-1.1990357938500429,1,1,0,0,10,0
18.50865,73.895119,0.9726701011275175,0.7585405807252155,0.03498094677236572,1,1,0,1,22,1
18.586635,73.834231,-0.8446938663915251,-0.11164274070225709,1.1318847162145067,1,1,0,1,0,1
18.522747,73.839685,-1.2109842784496267,-0.9891759101435649,-0.9590880942845745,1,1,0,1,0,1
18.537472,73.855992,-1.689979432679452,-1.1299835247244052,-0.8219751231043069,0,0,1,0,5,1
18.524767,73.839861,-1.4223056700216086,-0.7814459952262264,1.0461891092268394,0,1,0,0,5,1
18.537484,73.865157,1.3953128842714813,3.0257752759403376,1.5946409939479098,0,1,0,0,5,1
18.579855,73.849006,1.141727214385103,-0.5973129607743585,-1.2333140366451096,0,1,0,0,3,1
18.594569,73.897541,1.4375771625858773,-0.8038823733737228,-1.4389834934155112,0,1,0,0,4,1
18.580539,73.825199,-0.9433105157917834,-0.2576726157139802,1.029049987829306,1,0,0,1,9,0
18.567154,73.885578,0.7190844312411395,1.8064741738556993,1.2689976873947744,1,0,0,1,22,1
18.564925,73.868377,0.8740534517272596,-0.6668463913262982,-1.2504531580426432,0,0,0,0,10,0
18.572654,73.887605,-0.4361391760190273,0.5811771431281956,1.5603627511528428,1,0,0,1,23,1
18.509904,73.871756,-0.5488439181907508,0.08409531692935025,0.840519652456438,1,0,0,1,7,0
18.507154,73.806624,1.4234890698144116,1.7517371478579273,0.5662937100959027,1,1,0,1,15,0
18.578208,73.894353,0.18373690592545233,-0.007390949137596545,-0.2392449955881695,1,0,0,1,3,1
18.52119,73.866742,1.6911628324722556,-0.7523367287503797,-1.4218443720179776,1,1,0,0,13,0
18.511959,73.874021,-1.7463318037653137,-1.14758447654701,-0.37635796676843714,1,1,1,2,5,1
18.594322,73.857845,1.3248724204141535,0.962788988688632,0.000702703977298817,1,0,0,1,10,0
18.558542,73.889699,-1.2955128350784193,-0.5934446197144453,1.3032759301898411,1,0,0,1,14,0
18.540761,73.877485,-1.3377771133928158,-0.5980866289863411,1.5775018725503764,1,0,0,1,17,0
18.57219,73.859495,-1.6336270615935902,-1.0228304773648098,0.8919370166490384,1,0,1,1,8,0
18.579133,73.839622,0.5077630396691579,1.4139342648010078,1.114745594816973,0,1,0,0,11,0
18.567101,73.841163,0.704996338469674,-0.42739607971767146,-0.9762272156821079,1,0,0,1,18,0
18.521779,73.845189,1.0712867505277754,-0.3387143609191615,-0.9933663370796414,0,1,0,0,5,1
18.503554,73.824064,-0.23890587721851084,-0.8417921157608723,-1.1990357938500429,1,1,0,0,0,1
18.567153,73.840194,-1.5209223194218668,-0.8608436954809447,1.3546932943824415,0,0,1,0,12,0
18.534333,73.895891,-1.2532485567640232,-0.6503092332951692,0.7719631668663042,1,0,0,1,15,0
18.550933,73.845538,0.1273845348395908,-0.299837533267034,-0.5820274235388385,1,1,0,1,18,0
18.594815,73.861328,-0.901046237477387,-0.7775776541663132,-0.6163056663339055,1,1,0,1,17,0
18.574266,73.801851,1.493929533671739,1.5256326129060014,0.34348513192796787,1,1,0,1,2,1
18.577415,73.892298,1.169903399928034,1.1983709592373457,0.2920677677353675,1,1,0,1,3,1
18.582751,73.869326,-0.3234344338473036,0.1864129379640543,0.6177110742885031,0,0,0,0,5,1
18.503102,73.811152,-1.0419271651920414,-0.3758504350943282,0.994771745034239,1,0,0,1,10,0
18.596318,73.875909,0.1273845348395908,0.2833148815148799,0.18923303935016678,1,1,0,1,9,0
18.525444,73.825056,-0.5065796398763545,0.2478228522901762,1.0804673520219064,0,1,0,0,5,1
18.558361,73.879811,1.0571986577563102,-1.0197358045168792,-1.5932355859933123,1,1,0,0,1,1
18.502907,73.814369,-1.5209223194218668,-1.1041623481494844,-1.1818966724525093,1,0,1,1,8,0
